flight_sk,flight_id,ambiguous_id,airline,source,destination,route,departure_time,arrival_time,duration_minutes,is_overnight,data_quality_flag,is_duration_anomaly
SJ010,SJ010,False,SpiceJet,CCU,MAA,CCU-MAA,2026-04-20 23:38:41.701,2026-04-21 02:32:41.701,174.0,True,clean,False
AI155,AI155,False,Air India,BOM,CCU,BOM-CCU,2026-04-20 23:35:41.703,2026-04-21 01:23:41.703,108.0,True,clean,False
UK094,UK094,False,Vistara,BOM,CCU,BOM-CCU,2026-04-20 23:26:41.702,2026-04-21 01:11:41.702,105.0,True,clean,False
AI245,AI245,False,Air India,BOM,CCU,BOM-CCU,2026-04-20 23:07:41.704,2026-04-21 01:43:41.704,156.0,True,clean,False
AI192,AI192,False,Air India,MAA,BOM,MAA-BOM,2026-04-20 23:05:41.703,2026-04-21 04:04:41.703,299.0,True,clean,False
SJ158,SJ158,False,SpiceJet,DEL,HYD,DEL-HYD,2026-04-20 23:05:41.703,2026-04-21 01:24:41.703,139.0,True,clean,False
6F196,6F196,False,IndiGo,CCU,MAA,CCU-MAA,2026-04-20 23:04:41.703,2026-04-21 00:47:41.703,103.0,True,clean,False
AI080,AI080,False,Air India,BOM,HYD,BOM-HYD,2026-04-20 23:03:41.702,2026-04-21 00:35:41.702,92.0,True,clean,False
6F025,6F025,False,IndiGo,BLR,BOM,BLR-BOM,2026-04-20 23:02:41.701,2026-04-20 23:57:41.701,55.0,False,clean,False
6F251,6F251,False,IndiGo,DEL,BLR,DEL-BLR,2026-04-20 22:56:41.703,2026-04-20 23:37:41.703,41.0,False,clean,False
AI137,AI137,False,Air India,BOM,DEL,BOM-DEL,2026-04-20 22:49:41.702,2026-04-21 01:17:41.702,148.0,True,clean,False
6F026,6F026,False,IndiGo,BOM,CCU,BOM-CCU,2026-04-20 22:46:42.000,2026-04-21 03:13:42.000,267.0,True,clean,False
UK167,UK167,False,Vistara,DEL,MAA,DEL-MAA,2026-04-20 22:45:41.703,2026-04-21 01:46:41.703,181.0,True,clean,False
UK027,UK027,False,Vistara,BOM,CCU,BOM-CCU,2026-04-20 22:44:41.701,2026-04-21 01:05:41.701,141.0,True,clean,False
AI069,AI069,False,Air India,DEL,BOM,DEL-BOM,2026-04-20 22:43:41.702,2026-04-21 02:29:41.702,226.0,True,clean,False
AI058,AI058,False,Air India,BOM,CCU,BOM-CCU,2026-04-20 22:40:41.701,2026-04-21 00:18:41.701,98.0,True,clean,False
AI140,AI140,False,Air India,BOM,DEL,BOM-DEL,2026-04-20 22:25:41.702,2026-04-21 02:08:41.702,223.0,True,clean,False
SJ239,SJ239,False,SpiceJet,BOM,CCU,BOM-CCU,2026-04-20 22:24:41.704,2026-04-21 00:10:41.704,106.0,True,clean,False
6F099,6F099,False,IndiGo,MAA,DEL,MAA-DEL,2026-04-20 22:24:41.702,2026-04-20 22:59:41.702,35.0,False,clean,False
AI048,AI048,False,Air India,CCU,DEL,CCU-DEL,2026-04-20 22:23:41.701,2026-04-21 02:15:41.701,232.0,True,clean,False
SJ112,SJ112,False,SpiceJet,HYD,DEL,HYD-DEL,2026-04-20 22:20:41.702,2026-04-21 00:40:41.702,140.0,True,clean,False
6F164,6F164,False,IndiGo,BLR,BOM,BLR-BOM,2026-04-20 22:18:41.703,2026-04-21 00:45:41.703,147.0,True,clean,False
UK021,UK021,False,Vistara,HYD,MAA,HYD-MAA,2026-04-20 22:00:41.701,2026-04-20 23:50:41.701,110.0,False,clean,False
SJ172,SJ172,False,SpiceJet,CCU,DEL,CCU-DEL,2026-04-20 21:58:41.703,2026-04-21 01:14:41.703,196.0,True,clean,False
AI060,AI060,False,Air India,DEL,HYD,DEL-HYD,2026-04-20 21:58:41.701,2026-04-20 23:51:41.701,113.0,False,clean,False
SJ205,SJ205,False,SpiceJet,HYD,CCU,HYD-CCU,2026-04-20 21:56:41.703,2026-04-20 23:00:41.703,64.0,False,clean,False
SJ093,SJ093,False,SpiceJet,BLR,BOM,BLR-BOM,2026-04-20 21:55:41.702,2026-04-20 23:01:41.702,66.0,False,clean,False
6F195,6F195,False,IndiGo,CCU,DEL,CCU-DEL,2026-04-20 21:44:41.703,2026-04-20 22:39:41.703,55.0,False,clean,False
UK003,UK003,False,Vistara,HYD,DEL,HYD-DEL,2026-04-20 21:41:41.700,2026-04-21 02:19:41.700,278.0,True,clean,False
UK026,UK026,False,Vistara,HYD,MAA,HYD-MAA,2026-04-20 21:38:41.701,2026-04-20 23:44:41.701,126.0,False,clean,False
6F174,6F174,False,IndiGo,DEL,HYD,DEL-HYD,2026-04-20 21:36:41.703,2026-04-20 22:16:41.703,40.0,False,clean,False
UK067,UK067,False,Vistara,BOM,CCU,BOM-CCU,2026-04-20 21:36:41.701,2026-04-21 01:02:41.701,206.0,True,clean,False
SJ149,SJ149,False,SpiceJet,HYD,MAA,HYD-MAA,2026-04-20 21:20:41.702,2026-04-20 23:20:42.000,120.00496666666666,False,clean,False
6F213,6F213,False,IndiGo,BLR,BOM,BLR-BOM,2026-04-20 21:05:41.703,2026-04-21 00:32:41.703,207.0,True,clean,False
UK200,UK200,False,Vistara,CCU,DEL,CCU-DEL,2026-04-20 20:54:41.703,2026-04-20 22:45:41.703,111.0,False,clean,False
SJ214,SJ214,False,SpiceJet,BOM,MAA,BOM-MAA,2026-04-20 20:54:41.703,2026-04-20 22:10:41.703,76.0,False,clean,False
SJ047,SJ047,False,SpiceJet,HYD,BOM,HYD-BOM,2026-04-20 20:44:41.701,2026-04-20 21:21:41.701,37.0,False,clean,False
AI179,AI179,False,Air India,HYD,BOM,HYD-BOM,2026-04-20 20:41:41.703,2026-04-21 01:19:41.703,278.0,True,clean,False
SJ153,SJ153,False,SpiceJet,DEL,CCU,DEL-CCU,2026-04-20 20:37:41.702,2026-04-20 22:00:41.702,83.0,False,clean,False
6F236,6F236,False,IndiGo,BOM,DEL,BOM-DEL,2026-04-20 20:35:41.704,2026-04-20 23:54:41.704,199.0,False,clean,False
UK059,UK059,False,Vistara,HYD,MAA,HYD-MAA,2026-04-20 20:33:41.701,2026-04-20 22:10:41.701,97.0,False,clean,False
SJ001,SJ001,False,SpiceJet,BOM,MAA,BOM-MAA,2026-04-20 20:28:41.700,2026-04-21 01:15:41.700,287.0,True,clean,False
SJ049,SJ049,False,SpiceJet,CCU,DEL,CCU-DEL,2026-04-20 20:26:41.701,2026-04-21 00:26:41.701,240.0,True,clean,False
6F086,6F086,False,IndiGo,MAA,HYD,MAA-HYD,2026-04-20 20:23:41.702,2026-04-20 21:00:41.702,37.0,False,clean,False
AI220,AI220,False,Air India,BOM,DEL,BOM-DEL,2026-04-20 20:19:41.703,2026-04-20 21:57:41.703,98.0,False,clean,False
AI188,AI188,False,Air India,CCU,HYD,CCU-HYD,2026-04-20 20:16:41.703,2026-04-20 23:02:41.703,166.0,False,clean,False
6F114,6F114,False,IndiGo,BOM,MAA,BOM-MAA,2026-04-20 20:10:41.702,2026-04-20 21:00:41.702,50.0,False,clean,False
SJ179,SJ179,False,SpiceJet,DEL,HYD,DEL-HYD,2026-04-20 20:09:41.703,2026-04-20 23:39:41.703,210.0,False,clean,False
6F190,6F190,False,IndiGo,DEL,MAA,DEL-MAA,2026-04-20 20:02:41.703,2026-04-21 00:36:41.703,274.0,True,clean,False
SJ003,SJ003,False,SpiceJet,MAA,CCU,MAA-CCU,2026-04-20 19:50:41.701,2026-04-20 20:32:41.701,42.0,False,clean,False
6F028,6F028,False,IndiGo,HYD,CCU,HYD-CCU,2026-04-20 19:49:41.701,2026-04-20 21:49:41.701,120.0,False,clean,False
UK036,UK036,False,Vistara,CCU,BLR,CCU-BLR,2026-04-20 19:48:41.701,2026-04-21 00:12:41.701,264.0,True,clean,False
SJ160,SJ160,False,SpiceJet,MAA,BLR,MAA-BLR,2026-04-20 19:45:41.703,2026-04-20 20:30:41.703,45.0,False,clean,False
6F151,6F151,False,IndiGo,CCU,HYD,CCU-HYD,2026-04-20 19:44:41.703,2026-04-20 22:04:41.703,140.0,False,clean,False
UK140,UK140,False,Vistara,MAA,BLR,MAA-BLR,2026-04-20 19:37:41.703,2026-04-20 21:00:41.703,83.0,False,clean,False
AI115,AI115,False,Air India,MAA,BLR,MAA-BLR,2026-04-20 19:37:41.702,2026-04-21 00:26:41.702,289.0,True,clean,False
AI132,AI132,False,Air India,BLR,BOM,BLR-BOM,2026-04-20 19:32:41.702,2026-04-20 21:41:41.702,129.0,False,clean,False
UK209,UK209,False,Vistara,MAA,BLR,MAA-BLR,2026-04-20 19:02:41.704,2026-04-20 21:47:41.704,165.0,False,clean,False
SJ043,SJ043,False,SpiceJet,MAA,DEL,MAA-DEL,2026-04-20 18:59:41.701,2026-04-20 21:08:41.701,129.0,False,clean,False
UK176,UK176,False,Vistara,HYD,BLR,HYD-BLR,2026-04-20 18:41:41.703,2026-04-20 22:49:41.703,248.0,False,clean,False
UK216,UK216,False,Vistara,MAA,HYD,MAA-HYD,2026-04-20 18:33:41.704,2026-04-20 21:47:41.704,194.0,False,clean,False
UK150,UK150,False,Vistara,DEL,CCU,DEL-CCU,2026-04-20 18:31:41.703,2026-04-20 19:01:41.703,30.0,False,clean,False
UK145,UK145,False,Vistara,BOM,HYD,BOM-HYD,2026-04-20 18:30:41.703,2026-04-20 20:41:41.703,131.0,False,clean,False
6F270,6F270,False,IndiGo,HYD,MAA,HYD-MAA,2026-04-20 18:14:41.701,2026-04-20 19:02:41.701,48.0,False,clean,False
6F012,6F012,False,IndiGo,CCU,HYD,CCU-HYD,2026-04-20 18:06:41.701,2026-04-20 21:31:41.701,205.0,False,clean,False
SJ236,SJ236,False,SpiceJet,MAA,BOM,MAA-BOM,2026-04-20 18:03:41.704,2026-04-20 22:02:41.704,239.0,False,clean,False
6F149,6F149,False,IndiGo,BLR,CCU,BLR-CCU,2026-04-20 17:57:41.703,2026-04-20 20:42:41.703,165.0,False,clean,False
UK004,UK004,False,Vistara,BOM,CCU,BOM-CCU,2026-04-20 17:56:41.700,2026-04-20 18:30:41.700,34.0,False,clean,False
UK010,UK010,False,Vistara,MAA,HYD,MAA-HYD,2026-04-20 17:53:41.701,2026-04-20 20:40:41.701,167.0,False,clean,False
UK215,UK215,False,Vistara,BOM,DEL,BOM-DEL,2026-04-20 17:38:41.704,2026-04-20 19:50:41.704,132.0,False,clean,False
SJ116,SJ116,False,SpiceJet,HYD,CCU,HYD-CCU,2026-04-20 17:33:41.702,2026-04-20 19:02:41.702,89.0,False,clean,False
SJ023,SJ023,False,SpiceJet,HYD,MAA,HYD-MAA,2026-04-20 17:27:41.701,2026-04-20 19:09:41.701,102.0,False,clean,False
UK152,UK152,False,Vistara,BOM,CCU,BOM-CCU,2026-04-20 17:24:41.703,2026-04-20 20:13:41.703,169.0,False,clean,False
SJ202,SJ202,False,SpiceJet,CCU,HYD,CCU-HYD,2026-04-20 17:21:41.703,2026-04-20 19:08:41.703,107.0,False,clean,False
6F043,6F043,False,IndiGo,BOM,HYD,BOM-HYD,2026-04-20 17:17:41.701,2026-04-20 18:43:41.701,86.0,False,clean,False
UK173,UK173,False,Vistara,MAA,BLR,MAA-BLR,2026-04-20 17:06:41.703,2026-04-20 21:22:41.703,256.0,False,clean,False
SJ081,SJ081,False,SpiceJet,BOM,BLR,BOM-BLR,2026-04-20 17:04:41.702,2026-04-20 18:53:41.702,109.0,False,clean,False
UK153,UK153,False,Vistara,CCU,HYD,CCU-HYD,2026-04-20 16:52:41.703,2026-04-20 20:53:41.703,241.0,False,clean,False
UK187,UK187,False,Vistara,BLR,BOM,BLR-BOM,2026-04-20 16:52:41.703,2026-04-20 18:42:41.703,110.0,False,clean,False
UK055,UK055,False,Vistara,HYD,DEL,HYD-DEL,2026-04-20 16:48:41.701,2026-04-20 19:31:41.701,163.0,False,clean,False
UK181,UK181,False,Vistara,MAA,DEL,MAA-DEL,2026-04-20 16:44:41.703,2026-04-20 19:26:41.703,162.0,False,clean,False
UK074,UK074,False,Vistara,BOM,DEL,BOM-DEL,2026-04-20 16:44:41.702,2026-04-20 18:41:41.702,117.0,False,clean,False
SJ068,SJ068,False,SpiceJet,BLR,BOM,BLR-BOM,2026-04-20 16:44:41.701,2026-04-20 18:48:41.701,124.0,False,clean,False
AI242,AI242,False,Air India,BLR,CCU,BLR-CCU,2026-04-20 16:41:41.704,2026-04-20 17:43:41.704,62.0,False,clean,False
SJ237,SJ237,False,SpiceJet,BOM,CCU,BOM-CCU,2026-04-20 16:32:41.704,2026-04-20 19:00:41.704,148.0,False,clean,False
6F194,6F194,False,IndiGo,BOM,CCU,BOM-CCU,2026-04-20 16:29:41.703,2026-04-20 18:27:41.703,118.0,False,clean,False
UK063,UK063,False,Vistara,DEL,BOM,DEL-BOM,2026-04-20 16:29:41.701,2026-04-20 17:41:41.701,72.0,False,clean,False
UK068,UK068,False,Vistara,BLR,MAA,BLR-MAA,2026-04-20 16:28:41.701,2026-04-20 18:09:41.701,101.0,False,clean,False
UK224,UK224,False,Vistara,CCU,MAA,CCU-MAA,2026-04-20 16:25:41.704,2026-04-20 20:24:41.704,239.0,False,clean,False
UK077,UK077,False,Vistara,HYD,BOM,HYD-BOM,2026-04-20 16:22:41.702,2026-04-20 18:00:41.702,98.0,False,clean,False
UK207,UK207,False,Vistara,MAA,CCU,MAA-CCU,2026-04-20 16:21:41.703,2026-04-20 17:36:41.703,75.0,False,clean,False
AI221,AI221,False,Air India,MAA,HYD,MAA-HYD,2026-04-20 16:18:41.703,2026-04-20 18:54:41.703,156.0,False,clean,False
UK109,UK109,False,Vistara,BLR,BOM,BLR-BOM,2026-04-20 16:06:41.702,2026-04-20 17:06:42.000,60.00496666666666,False,clean,False
UK089,UK089,False,Vistara,BOM,HYD,BOM-HYD,2026-04-20 15:38:41.702,2026-04-20 19:50:41.702,252.0,False,clean,False
AI072,AI072,False,Air India,BLR,CCU,BLR-CCU,2026-04-20 15:34:41.702,2026-04-20 16:32:41.702,58.0,False,clean,False
UK131,UK131,False,Vistara,BOM,DEL,BOM-DEL,2026-04-20 15:33:41.702,2026-04-20 19:39:41.702,246.0,False,clean,False
SJ150,SJ150,False,SpiceJet,BOM,HYD,BOM-HYD,2026-04-20 15:33:41.702,2026-04-20 19:03:41.702,210.0,False,clean,False
6F097,6F097,False,IndiGo,BLR,BOM,BLR-BOM,2026-04-20 15:32:41.702,2026-04-20 16:49:41.702,77.0,False,clean,False
6F123,6F123,False,IndiGo,DEL,HYD,DEL-HYD,2026-04-20 15:26:41.702,2026-04-20 17:12:41.702,106.0,False,clean,False
6F017,6F017,False,IndiGo,CCU,BOM,CCU-BOM,2026-04-20 15:25:41.701,2026-04-20 18:06:41.701,161.0,False,clean,False
6F245,6F245,False,IndiGo,CCU,BOM,CCU-BOM,2026-04-20 15:25:41.701,2026-04-20 18:06:41.701,161.0,False,clean,False
6F180,6F180,False,IndiGo,MAA,BLR,MAA-BLR,2026-04-20 15:24:41.703,2026-04-20 19:48:41.703,264.0,False,clean,False
6F152,6F152,False,IndiGo,CCU,DEL,CCU-DEL,2026-04-20 15:21:41.703,2026-04-20 17:25:41.703,124.0,False,clean,False
SJ034,SJ034,False,SpiceJet,MAA,BOM,MAA-BOM,2026-04-20 15:20:41.701,2026-04-20 20:11:41.701,291.0,False,clean,False
SJ142,SJ142,False,SpiceJet,CCU,BOM,CCU-BOM,2026-04-20 15:14:41.702,2026-04-20 16:56:41.702,102.0,False,clean,False
UK189,UK189,False,Vistara,BLR,MAA,BLR-MAA,2026-04-20 15:07:41.703,2026-04-20 18:51:41.703,224.0,False,clean,False
SJ044,SJ044,False,SpiceJet,DEL,CCU,DEL-CCU,2026-04-20 15:06:41.701,2026-04-20 17:43:41.701,157.0,False,clean,False
SJ196,SJ196,False,SpiceJet,DEL,HYD,DEL-HYD,2026-04-20 14:58:41.703,2026-04-20 17:44:41.703,166.0,False,clean,False
6F188,6F188,False,IndiGo,DEL,HYD,DEL-HYD,2026-04-20 14:57:41.703,2026-04-20 19:39:41.703,282.0,False,clean,False
6F181,6F181,False,IndiGo,BOM,MAA,BOM-MAA,2026-04-20 14:55:41.703,2026-04-20 16:43:41.703,108.0,False,clean,False
6F077,6F077,False,IndiGo,CCU,DEL,CCU-DEL,2026-04-20 14:55:41.702,2026-04-20 19:13:41.702,258.0,False,clean,False
SJ154,SJ154,False,SpiceJet,BLR,HYD,BLR-HYD,2026-04-20 14:47:41.702,2026-04-20 16:26:41.702,99.0,False,clean,False
AI025,AI025,False,Air India,HYD,DEL,HYD-DEL,2026-04-20 14:46:41.701,2026-04-20 17:11:41.701,145.0,False,clean,False
AI094,AI094,False,Air India,DEL,BLR,DEL-BLR,2026-04-20 14:44:41.702,2026-04-20 15:44:42.000,60.00496666666666,False,clean,False
6F191,6F191,False,IndiGo,BLR,DEL,BLR-DEL,2026-04-20 14:41:41.703,2026-04-20 15:11:41.703,30.0,False,clean,False
SJ085,SJ085,False,SpiceJet,BLR,MAA,BLR-MAA,2026-04-20 14:41:41.702,2026-04-20 19:11:41.702,270.0,False,clean,False
6F261,6F261,False,IndiGo,CCU,DEL,CCU-DEL,2026-04-20 14:31:41.703,2026-04-20 17:29:41.703,178.0,False,clean,False
6F129,6F129,False,IndiGo,DEL,CCU,DEL-CCU,2026-04-20 14:28:41.702,2026-04-20 16:47:41.702,139.0,False,clean,False
6F254,6F254,False,IndiGo,MAA,BLR,MAA-BLR,2026-04-20 14:26:41.703,2026-04-20 18:01:41.703,215.0,False,clean,False
SJ185,SJ185,False,SpiceJet,BOM,CCU,BOM-CCU,2026-04-20 14:21:41.703,2026-04-20 15:21:41.703,60.0,False,clean,False
6F030,6F030,False,IndiGo,BOM,DEL,BOM-DEL,2026-04-20 14:20:41.701,2026-04-20 17:10:41.701,170.0,False,clean,False
SJ222,SJ222,False,SpiceJet,BOM,DEL,BOM-DEL,2026-04-20 14:15:41.703,2026-04-20 17:09:41.703,174.0,False,clean,False
6F259,6F259,False,IndiGo,BOM,DEL,BOM-DEL,2026-04-20 14:10:41.703,2026-04-20 15:21:41.703,71.0,False,clean,False
UK083,UK083,False,Vistara,DEL,HYD,DEL-HYD,2026-04-20 14:10:41.702,2026-04-20 14:59:41.702,49.0,False,clean,False
6F051,6F051,False,IndiGo,BLR,BOM,BLR-BOM,2026-04-20 13:58:41.701,2026-04-20 15:58:41.701,120.0,False,clean,False
SJ088,SJ088,False,SpiceJet,CCU,MAA,CCU-MAA,2026-04-20 13:54:41.702,2026-04-20 14:26:41.702,32.0,False,clean,False
6F146,6F146,False,IndiGo,HYD,MAA,HYD-MAA,2026-04-20 13:51:41.703,2026-04-20 15:07:41.703,76.0,False,clean,False
6F047,6F047,False,IndiGo,MAA,DEL,MAA-DEL,2026-04-20 13:50:41.701,2026-04-20 15:55:41.701,125.0,False,clean,False
AI077,AI077,False,Air India,CCU,HYD,CCU-HYD,2026-04-20 13:45:41.702,2026-04-20 14:51:41.702,66.0,False,clean,False
UK134,UK134,False,Vistara,HYD,CCU,HYD-CCU,2026-04-20 13:44:41.702,2026-04-20 17:26:41.702,222.0,False,clean,False
AI056,AI056,False,Air India,DEL,MAA,DEL-MAA,2026-04-20 13:44:41.701,2026-04-20 17:39:41.701,235.0,False,clean,False
UK141,UK141,False,Vistara,HYD,MAA,HYD-MAA,2026-04-20 13:38:41.703,2026-04-20 15:59:41.703,141.0,False,clean,False
AI030,AI030,False,Air India,CCU,HYD,CCU-HYD,2026-04-20 13:33:41.701,2026-04-20 16:52:41.701,199.0,False,clean,False
AI029,AI029,False,Air India,MAA,DEL,MAA-DEL,2026-04-20 13:29:41.701,2026-04-20 17:53:41.701,264.0,False,clean,False
SJ167,SJ167,False,SpiceJet,MAA,CCU,MAA-CCU,2026-04-20 13:18:41.703,2026-04-20 14:12:41.703,54.0,False,clean,False
UK017,UK017,False,Vistara,BLR,HYD,BLR-HYD,2026-04-20 13:14:41.701,2026-04-20 14:49:41.701,95.0,False,clean,False
6F229,6F229,False,IndiGo,MAA,DEL,MAA-DEL,2026-04-20 13:10:41.704,2026-04-20 14:30:41.704,80.0,False,clean,False
SJ117,SJ117,False,SpiceJet,MAA,BLR,MAA-BLR,2026-04-20 13:10:41.702,2026-04-20 17:06:41.702,236.0,False,clean,False
6F184,6F184,False,IndiGo,MAA,BOM,MAA-BOM,2026-04-20 13:05:41.703,2026-04-20 16:04:41.703,179.0,False,clean,False
AI031,AI031,False,Air India,DEL,MAA,DEL-MAA,2026-04-20 13:05:41.701,2026-04-20 16:11:41.701,186.0,False,clean,False
AI178,AI178,False,Air India,CCU,BLR,CCU-BLR,2026-04-20 13:04:41.703,2026-04-20 14:03:41.703,59.0,False,clean,False
SJ089,SJ089,False,SpiceJet,HYD,CCU,HYD-CCU,2026-04-20 12:42:41.702,2026-04-20 17:15:41.702,273.0,False,clean,False
UK166,UK166,False,Vistara,HYD,MAA,HYD-MAA,2026-04-20 12:39:41.703,2026-04-20 17:32:41.703,293.0,False,clean,False
UK104,UK104,False,Vistara,DEL,BOM,DEL-BOM,2026-04-20 12:30:41.702,2026-04-20 13:52:41.702,82.0,False,clean,False
6F168,6F168,False,IndiGo,HYD,DEL,HYD-DEL,2026-04-20 12:18:41.703,2026-04-20 15:58:41.703,220.0,False,clean,False
AI222,AI222,False,Air India,BOM,DEL,BOM-DEL,2026-04-20 12:10:41.703,2026-04-20 13:14:41.703,64.0,False,clean,False
SJ025,SJ025,False,SpiceJet,BOM,CCU,BOM-CCU,2026-04-20 12:02:41.701,2026-04-20 15:29:41.701,207.0,False,clean,False
6F255,6F255,False,IndiGo,DEL,BOM,DEL-BOM,2026-04-20 11:59:41.703,2026-04-20 15:33:41.703,214.0,False,clean,False
UK228,UK228,False,Vistara,DEL,MAA,DEL-MAA,2026-04-20 11:58:41.704,2026-04-20 15:08:41.704,190.0,False,clean,False
6F158,6F158,False,IndiGo,CCU,MAA,CCU-MAA,2026-04-20 11:58:41.703,2026-04-20 16:04:41.703,246.0,False,clean,False
SJ218,SJ218,False,SpiceJet,DEL,HYD,DEL-HYD,2026-04-20 11:58:41.703,2026-04-20 15:03:41.703,185.0,False,clean,False
6F034,6F034,False,IndiGo,BOM,DEL,BOM-DEL,2026-04-20 11:53:41.701,2026-04-20 12:49:41.701,56.0,False,clean,False
UK156,UK156,False,Vistara,MAA,BLR,MAA-BLR,2026-04-20 11:50:41.703,2026-04-20 15:54:41.703,244.0,False,clean,False
6F105,6F105,False,IndiGo,BLR,BOM,BLR-BOM,2026-04-20 11:46:41.702,2026-04-20 12:58:41.702,72.0,False,clean,False
6F073,6F073,False,IndiGo,DEL,CCU,DEL-CCU,2026-04-20 11:38:41.702,2026-04-20 15:18:41.702,220.0,False,clean,False
SJ074,SJ074,False,SpiceJet,DEL,CCU,DEL-CCU,2026-04-20 11:21:41.701,2026-04-20 12:02:41.701,41.0,False,clean,False
6F234,6F234,False,IndiGo,BOM,DEL,BOM-DEL,2026-04-20 11:20:41.704,2026-04-20 14:11:41.704,171.0,False,clean,False
6F068,6F068,False,IndiGo,BLR,HYD,BLR-HYD,2026-04-20 11:17:41.701,2026-04-20 15:06:41.701,229.0,False,clean,False
6F074,6F074,False,IndiGo,HYD,BOM,HYD-BOM,2026-04-20 11:09:41.702,2026-04-20 14:29:41.702,200.0,False,clean,False
AI038,AI038,False,Air India,HYD,MAA,HYD-MAA,2026-04-20 11:05:41.701,2026-04-20 15:44:41.701,279.0,False,clean,False
AI079,AI079,False,Air India,CCU,BLR,CCU-BLR,2026-04-20 11:04:41.702,2026-04-20 13:19:41.702,135.0,False,clean,False
SJ018,SJ018,False,SpiceJet,BOM,CCU,BOM-CCU,2026-04-20 10:58:41.701,2026-04-20 13:31:41.701,153.0,False,clean,False
6F018,6F018,False,IndiGo,DEL,BLR,DEL-BLR,2026-04-20 10:57:41.701,2026-04-20 11:43:41.701,46.0,False,clean,False
AI091,AI091,False,Air India,CCU,MAA,CCU-MAA,2026-04-20 10:52:41.702,2026-04-20 15:15:41.702,263.0,False,clean,False
UK071,UK071,False,Vistara,DEL,HYD,DEL-HYD,2026-04-20 10:50:41.701,2026-04-20 14:06:41.701,196.0,False,clean,False
AI019,AI019,False,Air India,BOM,CCU,BOM-CCU,2026-04-20 10:49:41.701,2026-04-20 11:51:41.701,62.0,False,clean,False
UK212,UK212,False,Vistara,HYD,MAA,HYD-MAA,2026-04-20 10:46:41.704,2026-04-20 11:31:41.704,45.0,False,clean,False
AI146,AI146,False,Air India,BLR,DEL,BLR-DEL,2026-04-20 10:40:41.702,2026-04-20 13:46:41.702,186.0,False,clean,False
6F232,6F232,False,IndiGo,MAA,BLR,MAA-BLR,2026-04-20 10:39:41.704,2026-04-20 12:22:41.704,103.0,False,clean,False
6F084,6F084,False,IndiGo,CCU,HYD,CCU-HYD,2026-04-20 10:34:41.702,2026-04-20 11:34:42.000,60.00496666666666,False,clean,False
AI129,AI129,False,Air India,BOM,CCU,BOM-CCU,2026-04-20 10:29:41.702,2026-04-20 13:38:41.702,189.0,False,clean,False
AI240,AI240,False,Air India,MAA,DEL,MAA-DEL,2026-04-20 10:19:41.704,2026-04-20 12:46:41.704,147.0,False,clean,False
6F091,6F091,False,IndiGo,BLR,CCU,BLR-CCU,2026-04-20 10:10:41.702,2026-04-20 11:36:41.702,86.0,False,clean,False
UK133,UK133,False,Vistara,BOM,DEL,BOM-DEL,2026-04-20 10:04:41.702,2026-04-20 13:16:41.702,192.0,False,clean,False
SJ007,SJ007,False,SpiceJet,BOM,CCU,BOM-CCU,2026-04-20 10:03:41.701,2026-04-20 14:53:41.701,290.0,False,clean,False
SJ141,SJ141,False,SpiceJet,CCU,DEL,CCU-DEL,2026-04-20 10:00:41.702,2026-04-20 13:37:41.702,217.0,False,clean,False
6F049,6F049,False,IndiGo,HYD,DEL,HYD-DEL,2026-04-20 10:00:41.701,2026-04-20 13:13:41.701,193.0,False,clean,False
SJ235,SJ235,False,SpiceJet,BOM,DEL,BOM-DEL,2026-04-20 09:57:41.704,2026-04-20 13:45:41.704,228.0,False,clean,False
UK087,UK087,False,Vistara,HYD,MAA,HYD-MAA,2026-04-20 09:49:41.702,2026-04-20 13:17:41.702,208.0,False,clean,False
UK170,UK170,False,Vistara,BOM,BLR,BOM-BLR,2026-04-20 09:42:41.703,2026-04-20 11:32:41.703,110.0,False,clean,False
SJ078,SJ078,False,SpiceJet,DEL,HYD,DEL-HYD,2026-04-20 09:41:41.701,2026-04-20 12:49:41.701,188.0,False,clean,False
SJ075,SJ075,False,SpiceJet,MAA,BLR,MAA-BLR,2026-04-20 09:26:41.701,2026-04-20 11:03:41.701,97.0,False,clean,False
AI159,AI159,False,Air India,HYD,BLR,HYD-BLR,2026-04-20 09:23:41.703,2026-04-20 11:36:41.703,133.0,False,clean,False
UK120,UK120,False,Vistara,HYD,DEL,HYD-DEL,2026-04-20 09:19:41.702,2026-04-20 13:30:41.702,251.0,False,clean,False
AI059,AI059,False,Air India,CCU,DEL,CCU-DEL,2026-04-20 09:16:41.701,2026-04-20 11:43:41.701,147.0,False,clean,False
UK040,UK040,False,Vistara,HYD,CCU,HYD-CCU,2026-04-20 09:15:41.701,2026-04-20 10:32:41.701,77.0,False,clean,False
AI044,AI044,False,Air India,MAA,BLR,MAA-BLR,2026-04-20 09:03:41.701,2026-04-20 12:36:41.701,213.0,False,clean,False
AI078,AI078,False,Air India,DEL,BOM,DEL-BOM,2026-04-20 08:58:41.702,2026-04-20 13:28:41.702,270.0,False,clean,False
SJ226,SJ226,False,SpiceJet,HYD,BOM,HYD-BOM,2026-04-20 08:47:41.704,2026-04-20 12:54:41.704,247.0,False,clean,False
6F209,6F209,False,IndiGo,MAA,CCU,MAA-CCU,2026-04-20 08:40:41.703,2026-04-20 13:40:41.703,300.0,False,clean,False
UK193,UK193,False,Vistara,HYD,DEL,HYD-DEL,2026-04-20 08:39:41.703,2026-04-20 09:14:41.703,35.0,False,clean,False
6F092,6F092,False,IndiGo,MAA,BLR,MAA-BLR,2026-04-20 08:39:41.702,2026-04-20 09:15:41.702,36.0,False,clean,False
AI208,AI208,False,Air India,BLR,BOM,BLR-BOM,2026-04-20 08:38:41.703,2026-04-20 11:52:41.703,194.0,False,clean,False
SJ227,SJ227,False,SpiceJet,BOM,CCU,BOM-CCU,2026-04-20 08:32:41.704,2026-04-20 12:53:41.704,261.0,False,clean,False
6F238,6F238,False,IndiGo,BOM,DEL,BOM-DEL,2026-04-20 08:31:41.704,2026-04-20 09:19:41.704,48.0,False,clean,False
AI084,AI084,False,Air India,BOM,HYD,BOM-HYD,2026-04-20 08:31:41.702,2026-04-20 09:46:41.702,75.0,False,clean,False
SJ228,SJ228,False,SpiceJet,BOM,CCU,BOM-CCU,2026-04-20 08:29:41.704,2026-04-20 12:16:41.704,227.0,False,clean,False
UK194,UK194,False,Vistara,CCU,BOM,CCU-BOM,2026-04-20 08:26:41.703,2026-04-20 09:26:42.000,60.00495,False,clean,False
6F126,6F126,False,IndiGo,CCU,MAA,CCU-MAA,2026-04-20 08:21:41.702,2026-04-20 09:39:41.702,78.0,False,clean,False
SJ052,SJ052,False,SpiceJet,MAA,BLR,MAA-BLR,2026-04-20 08:20:41.701,2026-04-20 09:57:41.701,97.0,False,clean,False
AI233,AI233,False,Air India,BLR,BOM,BLR-BOM,2026-04-20 08:04:41.704,2026-04-20 09:52:41.704,108.0,False,clean,False
AI213,AI213,False,Air India,HYD,CCU,HYD-CCU,2026-04-20 08:03:41.703,2026-04-20 09:14:41.703,71.0,False,clean,False
UK076,UK076,False,Vistara,MAA,CCU,MAA-CCU,2026-04-20 08:03:41.702,2026-04-20 12:26:41.702,263.0,False,clean,False
SJ022,SJ022,False,SpiceJet,DEL,BLR,DEL-BLR,2026-04-20 07:56:41.701,2026-04-20 11:07:41.701,191.0,False,clean,False
SJ002,SJ002,False,SpiceJet,DEL,BOM,DEL-BOM,2026-04-20 07:54:41.701,2026-04-20 12:40:41.701,286.0,False,clean,False
AI163,AI163,False,Air India,HYD,MAA,HYD-MAA,2026-04-20 07:45:41.703,2026-04-20 08:46:41.703,61.0,False,clean,False
UK229,UK229,False,Vistara,HYD,DEL,HYD-DEL,2026-04-20 07:40:41.704,2026-04-20 11:57:41.704,257.0,False,clean,False
UK185,UK185,False,Vistara,DEL,MAA,DEL-MAA,2026-04-20 07:31:41.703,2026-04-20 08:48:41.703,77.0,False,clean,False
6F029,6F029,False,IndiGo,BOM,BLR,BOM-BLR,2026-04-20 07:31:41.701,2026-04-20 11:45:41.701,254.0,False,clean,False
6F056,6F056,False,IndiGo,BOM,MAA,BOM-MAA,2026-04-20 07:00:41.701,2026-04-20 08:49:41.701,109.0,False,clean,False
AI062,AI062,False,Air India,MAA,DEL,MAA-DEL,2026-04-20 06:49:41.701,2026-04-20 07:25:41.701,36.0,False,clean,False
UK034,UK034,False,Vistara,DEL,BLR,DEL-BLR,2026-04-20 06:47:41.701,2026-04-20 10:11:41.701,204.0,False,clean,False
UK079,UK079,False,Vistara,DEL,BLR,DEL-BLR,2026-04-20 06:43:41.702,2026-04-20 10:34:41.702,231.0,False,clean,False
AI135,AI135,False,Air India,BLR,BOM,BLR-BOM,2026-04-20 06:40:41.702,2026-04-20 09:21:41.702,161.0,False,clean,False
SJ061,SJ061,False,SpiceJet,MAA,BLR,MAA-BLR,2026-04-20 06:38:41.701,2026-04-20 09:35:41.701,177.0,False,clean,False
AI047,AI047,False,Air India,CCU,MAA,CCU-MAA,2026-04-20 06:36:41.701,2026-04-20 07:23:41.701,47.0,False,clean,False
UK210,UK210,False,Vistara,DEL,CCU,DEL-CCU,2026-04-20 06:35:41.704,2026-04-20 07:30:41.704,55.0,False,clean,False
AI088,AI088,False,Air India,MAA,DEL,MAA-DEL,2026-04-20 06:34:41.702,2026-04-20 10:10:41.702,216.0,False,clean,False
UK177,UK177,False,Vistara,DEL,HYD,DEL-HYD,2026-04-20 06:21:41.703,2026-04-20 10:50:41.703,269.0,False,clean,False
AI128,AI128,False,Air India,BOM,CCU,BOM-CCU,2026-04-20 06:07:41.702,2026-04-20 10:03:41.702,236.0,False,clean,False
AI158,AI158,False,Air India,CCU,DEL,CCU-DEL,2026-04-20 06:04:41.703,2026-04-20 09:01:41.703,177.0,False,clean,False
UK206,UK206,False,Vistara,MAA,BLR,MAA-BLR,2026-04-20 06:01:41.703,2026-04-20 10:34:41.703,273.0,False,clean,False
SJ138,SJ138,False,SpiceJet,BLR,BOM,BLR-BOM,2026-04-20 05:55:41.702,2026-04-20 06:43:41.702,48.0,False,clean,False
AI034,AI034,False,Air India,DEL,BOM,DEL-BOM,2026-04-20 05:48:41.701,2026-04-20 10:31:41.701,283.0,False,clean,False
AI012,AI012,False,Air India,BOM,CCU,BOM-CCU,2026-04-20 05:44:41.701,2026-04-20 09:47:41.701,243.0,False,clean,False
6F083,6F083,False,IndiGo,BLR,DEL,BLR-DEL,2026-04-20 05:24:41.702,2026-04-20 06:03:41.702,39.0,False,clean,False
SJ083,SJ083,False,SpiceJet,MAA,BLR,MAA-BLR,2026-04-20 05:13:41.702,2026-04-20 08:17:41.702,184.0,False,clean,False
SJ186,SJ186,False,SpiceJet,CCU,DEL,CCU-DEL,2026-04-20 05:11:41.703,2026-04-20 07:22:41.703,131.0,False,clean,False
UK001,UK001,False,Vistara,CCU,DEL,CCU-DEL,2026-04-20 05:06:41.700,2026-04-20 06:31:41.700,85.0,False,clean,False
AI217,AI217,False,Air India,CCU,BLR,CCU-BLR,2026-04-20 04:57:41.703,2026-04-20 07:14:41.703,137.0,False,clean,False
6F178,6F178,False,IndiGo,BOM,CCU,BOM-CCU,2026-04-20 04:48:41.703,2026-04-20 09:11:41.703,263.0,False,clean,False
UK015,UK015,False,Vistara,BLR,BOM,BLR-BOM,2026-04-20 04:46:41.701,2026-04-20 06:33:41.701,107.0,False,clean,False
AI112,AI112,False,Air India,DEL,BLR,DEL-BLR,2026-04-20 04:41:41.702,2026-04-20 08:24:41.702,223.0,False,clean,False
UK100,UK100,False,Vistara,CCU,BLR,CCU-BLR,2026-04-20 04:40:41.702,2026-04-20 07:12:41.702,152.0,False,clean,False
6F133,6F133,False,IndiGo,MAA,BLR,MAA-BLR,2026-04-20 04:38:41.702,2026-04-20 06:25:41.702,107.0,False,clean,False
AI227,AI227,False,Air India,BLR,MAA,BLR-MAA,2026-04-20 04:31:41.703,2026-04-20 08:17:41.703,226.0,False,clean,False
UK093,UK093,False,Vistara,HYD,CCU,HYD-CCU,2026-04-20 04:31:41.702,2026-04-20 05:21:41.702,50.0,False,clean,False
UK203,UK203,False,Vistara,BLR,HYD,BLR-HYD,2026-04-20 04:12:41.703,2026-04-20 05:24:41.703,72.0,False,clean,False
UK154,UK154,False,Vistara,MAA,HYD,MAA-HYD,2026-04-20 04:00:41.703,2026-04-20 07:57:41.703,237.0,False,clean,False
UK073,UK073,False,Vistara,BLR,CCU,BLR-CCU,2026-04-20 03:59:41.702,2026-04-20 08:09:41.702,250.0,False,clean,False
AI164,AI164,False,Air India,DEL,BLR,DEL-BLR,2026-04-20 03:57:41.703,2026-04-20 05:45:41.703,108.0,False,clean,False
UK008,UK008,False,Vistara,CCU,BLR,CCU-BLR,2026-04-20 03:57:41.701,2026-04-20 04:34:41.701,37.0,False,clean,False
UK051,UK051,False,Vistara,HYD,DEL,HYD-DEL,2026-04-20 03:55:41.701,2026-04-20 06:55:41.701,180.0,False,clean,False
UK208,UK208,False,Vistara,DEL,CCU,DEL-CCU,2026-04-20 03:54:41.704,2026-04-20 08:51:41.704,297.0,False,clean,False
AI150,AI150,False,Air India,BOM,DEL,BOM-DEL,2026-04-20 03:51:41.703,2026-04-20 04:38:41.703,47.0,False,clean,False
AI189,AI189,False,Air India,CCU,DEL,CCU-DEL,2026-04-20 03:44:41.703,2026-04-20 05:32:41.703,108.0,False,clean,False
6F230,6F230,False,IndiGo,CCU,BLR,CCU-BLR,2026-04-20 03:34:41.704,2026-04-20 06:47:41.704,193.0,False,clean,False
6F169,6F169,False,IndiGo,BOM,DEL,BOM-DEL,2026-04-20 03:27:41.703,2026-04-20 08:06:41.703,279.0,False,clean,False
AI205,AI205,False,Air India,BLR,BOM,BLR-BOM,2026-04-20 03:26:41.703,2026-04-20 05:14:41.703,108.0,False,clean,False
AI103,AI103,False,Air India,BLR,BOM,BLR-BOM,2026-04-20 03:26:41.702,2026-04-20 04:04:41.702,38.0,False,clean,False
6F250_1,6F250,True,IndiGo,DEL,BLR,DEL-BLR,2026-04-20 03:26:41.701,2026-04-20 07:30:41.701,244.0,False,clean,False
AI246,AI246,False,Air India,BOM,BLR,BOM-BLR,2026-04-20 03:22:41.704,2026-04-20 06:41:41.704,199.0,False,clean,False
6F187,6F187,False,IndiGo,BOM,MAA,BOM-MAA,2026-04-20 03:19:41.703,2026-04-20 07:37:41.703,258.0,False,clean,False
AI082,AI082,False,Air India,DEL,CCU,DEL-CCU,2026-04-20 03:19:41.702,2026-04-20 06:01:41.702,162.0,False,clean,False
UK116,UK116,False,Vistara,CCU,BOM,CCU-BOM,2026-04-20 03:18:41.702,2026-04-20 07:06:41.702,228.0,False,clean,False
SJ169,SJ169,False,SpiceJet,BOM,MAA,BOM-MAA,2026-04-20 03:10:41.703,2026-04-20 07:56:41.703,286.0,False,clean,False
AI175,AI175,False,Air India,BOM,HYD,BOM-HYD,2026-04-20 03:08:41.703,2026-04-20 06:55:41.703,227.0,False,clean,False
SJ098,SJ098,False,SpiceJet,HYD,MAA,HYD-MAA,2026-04-20 03:02:41.702,2026-04-20 03:37:41.702,35.0,False,clean,False
SJ191,SJ191,False,SpiceJet,BLR,BOM,BLR-BOM,2026-04-20 03:01:41.703,2026-04-20 04:23:41.703,82.0,False,clean,False
SJ017,SJ017,False,SpiceJet,DEL,MAA,DEL-MAA,2026-04-20 02:57:41.701,2026-04-20 05:00:41.701,123.0,False,clean,False
UK188,UK188,False,Vistara,MAA,BLR,MAA-BLR,2026-04-20 02:55:41.703,2026-04-20 03:44:41.703,49.0,False,clean,False
AI196,AI196,False,Air India,MAA,HYD,MAA-HYD,2026-04-20 02:52:41.703,2026-04-20 04:25:41.703,93.0,False,clean,False
AI068,AI068,False,Air India,BOM,BLR,BOM-BLR,2026-04-20 02:48:41.702,2026-04-20 04:48:42.000,120.00496666666666,False,clean,False
SJ097,SJ097,False,SpiceJet,BOM,CCU,BOM-CCU,2026-04-20 02:37:41.702,2026-04-20 05:27:41.702,170.0,False,clean,False
SJ030,SJ030,False,SpiceJet,DEL,HYD,DEL-HYD,2026-04-20 02:36:41.701,2026-04-20 03:19:41.701,43.0,False,clean,False
6F179,6F179,False,IndiGo,HYD,MAA,HYD-MAA,2026-04-20 02:25:41.703,2026-04-20 06:40:41.703,255.0,False,clean,False
6F156,6F156,False,IndiGo,MAA,BOM,MAA-BOM,2026-04-20 02:23:41.703,2026-04-20 04:57:41.703,154.0,False,clean,False
6F250_2,6F250,True,IndiGo,CCU,BLR,CCU-BLR,2026-04-20 02:23:41.702,2026-04-20 02:56:41.702,33.0,False,clean,False
SJ057,SJ057,False,SpiceJet,BOM,CCU,BOM-CCU,2026-04-20 02:17:41.701,2026-04-20 05:29:41.701,192.0,False,clean,False
6F036,6F036,False,IndiGo,CCU,BLR,CCU-BLR,2026-04-20 02:14:41.701,2026-04-20 06:57:41.701,283.0,False,clean,False
6F201,6F201,False,IndiGo,CCU,BOM,CCU-BOM,2026-04-20 02:09:41.703,2026-04-20 06:49:41.703,280.0,False,clean,False
6F143,6F143,False,IndiGo,CCU,DEL,CCU-DEL,2026-04-20 02:09:41.702,2026-04-20 06:08:41.702,239.0,False,clean,False
6F177,6F177,False,IndiGo,HYD,MAA,HYD-MAA,2026-04-20 02:03:41.703,2026-04-20 04:25:41.703,142.0,False,clean,False
6F031,6F031,False,IndiGo,BOM,BLR,BOM-BLR,2026-04-20 02:00:41.701,2026-04-20 06:37:41.701,277.0,False,clean,False
UK165,UK165,False,Vistara,DEL,BLR,DEL-BLR,2026-04-20 01:51:41.703,2026-04-20 06:04:41.703,253.0,False,clean,False
6F122,6F122,False,IndiGo,DEL,BLR,DEL-BLR,2026-04-20 01:44:41.702,2026-04-20 05:28:41.702,224.0,False,clean,False
AI009,AI009,False,Air India,DEL,CCU,DEL-CCU,2026-04-20 01:31:41.701,2026-04-20 04:05:41.701,154.0,False,clean,False
6F046,6F046,False,IndiGo,DEL,BLR,DEL-BLR,2026-04-20 01:27:41.701,2026-04-20 05:08:41.701,221.0,False,clean,False
AI051,AI051,False,Air India,MAA,BLR,MAA-BLR,2026-04-20 01:27:41.701,2026-04-20 02:22:41.701,55.0,False,clean,False
UK222,UK222,False,Vistara,BOM,CCU,BOM-CCU,2026-04-20 01:22:41.704,2026-04-20 02:57:41.704,95.0,False,clean,False
SJ127,SJ127,False,SpiceJet,BOM,DEL,BOM-DEL,2026-04-20 01:21:41.702,2026-04-20 03:58:41.702,157.0,False,clean,False
AI226,AI226,False,Air India,BLR,HYD,BLR-HYD,2026-04-20 01:19:41.703,2026-04-20 04:08:41.703,169.0,False,clean,False
AI216,AI216,False,Air India,BOM,CCU,BOM-CCU,2026-04-20 01:10:41.703,2026-04-20 02:34:41.703,84.0,False,clean,False
6F058,6F058,False,IndiGo,BOM,CCU,BOM-CCU,2026-04-20 01:04:41.701,2026-04-20 03:33:41.701,149.0,False,clean,False
SJ207,SJ207,False,SpiceJet,DEL,CCU,DEL-CCU,2026-04-20 00:52:41.703,2026-04-20 04:05:41.703,193.0,False,clean,False
SJ198,SJ198,False,SpiceJet,CCU,BOM,CCU-BOM,2026-04-20 00:47:41.703,2026-04-20 05:28:41.703,281.0,False,clean,False
SJ108,SJ108,False,SpiceJet,BLR,HYD,BLR-HYD,2026-04-20 00:40:41.702,2026-04-20 03:16:41.702,156.0,False,clean,False
SJ155,SJ155,False,SpiceJet,DEL,CCU,DEL-CCU,2026-04-20 00:38:41.702,2026-04-20 05:38:41.702,300.0,False,clean,False
6F193,6F193,False,IndiGo,BOM,MAA,BOM-MAA,2026-04-20 00:34:41.703,2026-04-20 02:32:41.703,118.0,False,clean,False
6F019,6F019,False,IndiGo,BLR,BOM,BLR-BOM,2026-04-20 00:19:41.701,2026-04-20 04:14:41.701,235.0,False,clean,False
AI102,AI102,False,Air India,CCU,BLR,CCU-BLR,2026-04-20 00:17:41.702,2026-04-20 05:08:41.702,291.0,False,clean,False
6F166,6F166,False,IndiGo,BOM,CCU,BOM-CCU,2026-04-20 00:03:41.703,2026-04-20 04:33:41.703,270.0,False,clean,False
UK175,UK175,False,Vistara,BLR,BOM,BLR-BOM,2026-04-19 23:56:41.703,2026-04-20 03:18:41.703,202.0,True,clean,False
6F010,6F010,False,IndiGo,DEL,BLR,DEL-BLR,2026-04-19 23:53:41.701,2026-04-20 03:44:41.701,231.0,True,clean,False
AI234,AI234,False,Air India,BOM,MAA,BOM-MAA,2026-04-19 23:50:41.704,2026-04-20 01:34:41.704,104.0,True,clean,False
UK135,UK135,False,Vistara,HYD,DEL,HYD-DEL,2026-04-19 23:50:41.702,2026-04-20 01:43:41.702,113.0,True,clean,False
6F272,6F272,False,IndiGo,HYD,MAA,HYD-MAA,2026-04-19 23:35:41.702,2026-04-20 00:22:41.702,47.0,True,clean,False
AI061,AI061,False,Air India,BOM,CCU,BOM-CCU,2026-04-19 23:31:41.701,2026-04-20 01:02:41.701,91.0,True,clean,False
6F070,6F070,False,IndiGo,HYD,DEL,HYD-DEL,2026-04-19 23:23:41.701,2026-04-20 02:24:41.701,181.0,True,clean,False
AI015,AI015,False,Air India,BLR,CCU,BLR-CCU,2026-04-19 23:21:41.701,2026-04-20 01:15:41.701,114.0,True,clean,False
SJ076,SJ076,False,SpiceJet,DEL,MAA,DEL-MAA,2026-04-19 23:01:41.701,2026-04-20 02:02:41.701,181.0,True,clean,False
SJ029,SJ029,False,SpiceJet,HYD,DEL,HYD-DEL,2026-04-19 22:55:41.701,2026-04-20 00:22:41.701,87.0,True,clean,False
SJ194,SJ194,False,SpiceJet,CCU,DEL,CCU-DEL,2026-04-19 22:46:41.703,2026-04-20 02:31:41.703,225.0,True,clean,False
AI235,AI235,False,Air India,BLR,HYD,BLR-HYD,2026-04-19 22:45:41.704,2026-04-20 02:12:41.704,207.0,True,clean,False
SJ048,SJ048,False,SpiceJet,MAA,BLR,MAA-BLR,2026-04-19 22:43:41.701,2026-04-20 00:19:41.701,96.0,True,clean,False
SJ114,SJ114,False,SpiceJet,HYD,DEL,HYD-DEL,2026-04-19 22:42:41.702,2026-04-20 02:02:41.702,200.0,True,clean,False
SJ146,SJ146,False,SpiceJet,HYD,BLR,HYD-BLR,2026-04-19 22:37:41.702,2026-04-20 00:33:41.702,116.0,True,clean,False
UK041,UK041,False,Vistara,HYD,MAA,HYD-MAA,2026-04-19 22:37:41.701,2026-04-19 23:44:41.701,67.0,False,clean,False
6F075,6F075,False,IndiGo,BOM,CCU,BOM-CCU,2026-04-19 22:20:41.702,2026-04-20 03:02:41.702,282.0,True,clean,False
SJ020,SJ020,False,SpiceJet,BLR,BOM,BLR-BOM,2026-04-19 22:18:41.701,2026-04-20 02:27:41.701,249.0,True,clean,False
SJ099,SJ099,False,SpiceJet,MAA,BLR,MAA-BLR,2026-04-19 22:14:41.702,2026-04-20 00:34:41.702,140.0,True,clean,False
6F078,6F078,False,IndiGo,BOM,CCU,BOM-CCU,2026-04-19 22:04:41.702,2026-04-19 23:37:41.702,93.0,False,clean,False
UK219,UK219,False,Vistara,BOM,HYD,BOM-HYD,2026-04-19 22:03:41.704,2026-04-20 02:21:41.704,258.0,True,clean,False
UK223,UK223,False,Vistara,CCU,DEL,CCU-DEL,2026-04-19 21:58:41.704,2026-04-19 22:30:41.704,32.0,False,clean,False
UK227,UK227,False,Vistara,BOM,HYD,BOM-HYD,2026-04-19 21:57:41.704,2026-04-20 01:47:41.704,230.0,True,clean,False
6F260,6F260,False,IndiGo,CCU,DEL,CCU-DEL,2026-04-19 21:51:41.702,2026-04-20 01:14:41.702,203.0,True,clean,False
AI096,AI096,False,Air India,CCU,DEL,CCU-DEL,2026-04-19 21:48:41.702,2026-04-20 02:46:41.702,298.0,True,clean,False
6F022,6F022,False,IndiGo,MAA,BLR,MAA-BLR,2026-04-19 21:46:41.701,2026-04-20 02:05:41.701,259.0,True,clean,False
6F237,6F237,False,IndiGo,HYD,MAA,HYD-MAA,2026-04-19 21:41:41.704,2026-04-20 00:44:41.704,183.0,True,clean,False
UK146,UK146,False,Vistara,BOM,MAA,BOM-MAA,2026-04-19 21:40:41.703,2026-04-20 00:08:41.703,148.0,True,clean,False
SJ015,SJ015,False,SpiceJet,BOM,CCU,BOM-CCU,2026-04-19 21:40:41.701,2026-04-19 22:52:41.701,72.0,False,clean,False
AI108,AI108,False,Air India,BLR,CCU,BLR-CCU,2026-04-19 21:32:41.702,2026-04-20 00:17:41.702,165.0,True,clean,False
UK020,UK020,False,Vistara,MAA,BLR,MAA-BLR,2026-04-19 21:23:41.701,2026-04-19 22:38:41.701,75.0,False,clean,False
6F113,6F113,False,IndiGo,BOM,CCU,BOM-CCU,2026-04-19 21:04:41.702,2026-04-20 01:30:41.702,266.0,True,clean,False
6F112,6F112,False,IndiGo,HYD,DEL,HYD-DEL,2026-04-19 21:00:41.702,2026-04-19 23:16:41.702,136.0,False,clean,False
6F246,6F246,False,IndiGo,HYD,DEL,HYD-DEL,2026-04-19 21:00:41.702,2026-04-19 23:16:41.702,136.0,False,clean,False
UK158,UK158,False,Vistara,BOM,MAA,BOM-MAA,2026-04-19 20:49:41.703,2026-04-19 21:22:41.703,33.0,False,clean,False
UK159,UK159,False,Vistara,CCU,BLR,CCU-BLR,2026-04-19 20:45:41.703,2026-04-19 23:32:41.703,167.0,False,clean,False
UK084,UK084,False,Vistara,MAA,DEL,MAA-DEL,2026-04-19 20:44:41.702,2026-04-20 00:20:41.702,216.0,True,clean,False
SJ206,SJ206,False,SpiceJet,DEL,CCU,DEL-CCU,2026-04-19 20:43:41.703,2026-04-20 01:21:41.703,278.0,True,clean,False
UK044,UK044,False,Vistara,BLR,BOM,BLR-BOM,2026-04-19 20:31:41.701,2026-04-19 23:29:41.701,178.0,False,clean,False
SJ036,SJ036,False,SpiceJet,DEL,HYD,DEL-HYD,2026-04-19 20:24:41.701,2026-04-19 23:54:41.701,210.0,False,clean,False
6F176,6F176,False,IndiGo,CCU,DEL,CCU-DEL,2026-04-19 20:23:42.000,2026-04-19 23:23:42.000,180.0,False,clean,False
6F148,6F148,False,IndiGo,CCU,BOM,CCU-BOM,2026-04-19 20:23:41.703,2026-04-19 22:30:41.703,127.0,False,clean,False
6F202,6F202,False,IndiGo,HYD,BLR,HYD-BLR,2026-04-19 20:18:41.703,2026-04-19 23:48:41.703,210.0,False,clean,False
6F071,6F071,False,IndiGo,DEL,CCU,DEL-CCU,2026-04-19 20:18:41.702,2026-04-20 00:31:41.702,253.0,True,clean,False
AI105,AI105,False,Air India,CCU,DEL,CCU-DEL,2026-04-19 20:16:41.702,2026-04-19 22:03:41.702,107.0,False,clean,False
AI241,AI241,False,Air India,HYD,BLR,HYD-BLR,2026-04-19 20:11:41.704,2026-04-19 22:18:41.704,127.0,False,clean,False
SJ162,SJ162,False,SpiceJet,DEL,HYD,DEL-HYD,2026-04-19 20:11:41.703,2026-04-19 22:30:41.703,139.0,False,clean,False
6F003,6F003,False,IndiGo,HYD,BOM,HYD-BOM,2026-04-19 20:06:41.700,2026-04-19 23:13:41.700,187.0,False,clean,False
6F249,6F249,False,IndiGo,HYD,BOM,HYD-BOM,2026-04-19 20:06:41.700,2026-04-19 23:13:41.700,187.0,False,clean,False
AI237,AI237,False,Air India,BOM,CCU,BOM-CCU,2026-04-19 19:58:41.704,2026-04-19 23:13:41.704,195.0,False,clean,False
SJ134,SJ134,False,SpiceJet,BOM,CCU,BOM-CCU,2026-04-19 19:58:41.702,2026-04-20 00:15:41.702,257.0,True,clean,False
AI071,AI071,False,Air India,BOM,MAA,BOM-MAA,2026-04-19 19:55:41.702,2026-04-19 22:58:41.702,183.0,False,clean,False
6F118,6F118,False,IndiGo,CCU,HYD,CCU-HYD,2026-04-19 19:52:41.702,2026-04-19 21:01:41.702,69.0,False,clean,False
6F014,6F014,False,IndiGo,DEL,MAA,DEL-MAA,2026-04-19 19:42:41.701,2026-04-19 23:15:41.701,213.0,False,clean,False
6F065,6F065,False,IndiGo,MAA,BLR,MAA-BLR,2026-04-19 19:40:41.701,2026-04-19 22:23:41.701,163.0,False,clean,False
6F271,6F271,False,IndiGo,HYD,MAA,HYD-MAA,2026-04-19 19:33:41.702,2026-04-19 22:52:41.702,199.0,False,clean,False
SJ070,SJ070,False,SpiceJet,MAA,CCU,MAA-CCU,2026-04-19 18:55:41.701,2026-04-19 20:48:41.701,113.0,False,clean,False
6F007,6F007,False,IndiGo,HYD,MAA,HYD-MAA,2026-04-19 18:55:41.701,2026-04-19 19:54:41.701,59.0,False,clean,False
UK007,UK007,False,Vistara,DEL,HYD,DEL-HYD,2026-04-19 18:50:41.701,2026-04-19 21:04:41.701,134.0,False,clean,False
SJ192,SJ192,False,SpiceJet,HYD,BOM,HYD-BOM,2026-04-19 18:45:42.000,2026-04-18 23:45:42.000,,False,corrupted_timestamp,False
AI097,AI097,False,Air India,HYD,MAA,HYD-MAA,2026-04-19 18:42:41.702,2026-04-19 23:34:41.702,292.0,False,clean,False
6F256,6F256,False,IndiGo,BOM,CCU,BOM-CCU,2026-04-19 18:40:41.702,2026-04-19 19:13:41.702,33.0,False,clean,False
UK047,UK047,False,Vistara,BLR,HYD,BLR-HYD,2026-04-19 18:40:41.701,2026-04-19 22:45:41.701,245.0,False,clean,False
AI024,AI024,False,Air India,MAA,BOM,MAA-BOM,2026-04-19 18:38:41.701,2026-04-19 19:45:41.701,67.0,False,clean,False
UK113,UK113,False,Vistara,CCU,DEL,CCU-DEL,2026-04-19 18:34:41.702,2026-04-19 22:58:41.702,264.0,False,clean,False
SJ163,SJ163,False,SpiceJet,DEL,HYD,DEL-HYD,2026-04-19 18:32:41.703,2026-04-19 23:08:41.703,276.0,False,clean,False
SJ208,SJ208,False,SpiceJet,DEL,HYD,DEL-HYD,2026-04-19 18:32:41.703,2026-04-19 19:33:41.703,61.0,False,clean,False
SJ221,SJ221,False,SpiceJet,MAA,HYD,MAA-HYD,2026-04-19 18:31:41.703,2026-04-19 23:17:41.703,286.0,False,clean,False
SJ084,SJ084,False,SpiceJet,HYD,MAA,HYD-MAA,2026-04-19 18:31:41.702,2026-04-19 19:30:41.702,59.0,False,clean,False
6F127,6F127,False,IndiGo,HYD,BOM,HYD-BOM,2026-04-19 18:27:41.702,2026-04-19 22:28:41.702,241.0,False,clean,False
AI122,AI122,False,Air India,BOM,CCU,BOM-CCU,2026-04-19 18:25:41.702,2026-04-19 22:36:41.702,251.0,False,clean,False
AI139,AI139,False,Air India,HYD,MAA,HYD-MAA,2026-04-19 18:23:41.702,2026-04-19 19:24:41.702,61.0,False,clean,False
UK149,UK149,False,Vistara,MAA,DEL,MAA-DEL,2026-04-19 18:22:41.703,2026-04-19 23:08:41.703,286.0,False,clean,False
AI149,AI149,False,Air India,BOM,HYD,BOM-HYD,2026-04-19 18:19:41.703,2026-04-19 21:36:41.703,197.0,False,clean,False
SJ243,SJ243,False,SpiceJet,BLR,DEL,BLR-DEL,2026-04-19 18:17:41.704,2026-04-19 23:03:41.704,286.0,False,clean,False
AI053,AI053,False,Air India,CCU,DEL,CCU-DEL,2026-04-19 18:04:41.701,2026-04-19 22:19:41.701,255.0,False,clean,False
UK061,UK061,False,Vistara,BLR,BOM,BLR-BOM,2026-04-19 17:58:41.701,2026-04-19 19:48:41.701,110.0,False,clean,False
SJ004,SJ004,False,SpiceJet,MAA,DEL,MAA-DEL,2026-04-19 17:52:41.701,2026-04-19 21:01:41.701,189.0,False,clean,False
AI173,AI173,False,Air India,HYD,DEL,HYD-DEL,2026-04-19 17:36:41.703,2026-04-19 22:27:41.703,291.0,False,clean,False
6F085,6F085,False,IndiGo,HYD,MAA,HYD-MAA,2026-04-19 17:32:41.702,2026-04-19 19:32:42.000,120.00496666666666,False,clean,False
AI252,AI252,False,Air India,HYD,DEL,HYD-DEL,2026-04-19 17:30:41.704,2026-04-19 21:54:41.704,264.0,False,clean,False
SJ109,SJ109,False,SpiceJet,BOM,DEL,BOM-DEL,2026-04-19 17:24:41.702,2026-04-19 20:28:41.702,184.0,False,clean,False
UK123,UK123,False,Vistara,BOM,DEL,BOM-DEL,2026-04-19 17:24:41.702,2026-04-19 20:18:41.702,174.0,False,clean,False
6F125,6F125,False,IndiGo,BOM,CCU,BOM-CCU,2026-04-19 17:09:41.702,2026-04-19 21:13:41.702,244.0,False,clean,False
UK183,UK183,False,Vistara,BLR,CCU,BLR-CCU,2026-04-19 17:07:41.703,2026-04-19 18:30:41.703,83.0,False,clean,False
AI110,AI110,False,Air India,BOM,CCU,BOM-CCU,2026-04-19 17:07:41.702,2026-04-19 22:00:41.702,293.0,False,clean,False
UK105,UK105,False,Vistara,CCU,HYD,CCU-HYD,2026-04-19 17:04:41.702,2026-04-19 18:11:41.702,67.0,False,clean,False
6F128,6F128,False,IndiGo,HYD,DEL,HYD-DEL,2026-04-19 16:56:41.702,2026-04-19 18:03:41.702,67.0,False,clean,False
6F224,6F224,False,IndiGo,DEL,MAA,DEL-MAA,2026-04-19 16:53:41.704,2026-04-19 18:52:41.704,119.0,False,clean,False
SJ130,SJ130,False,SpiceJet,BOM,DEL,BOM-DEL,2026-04-19 16:53:41.702,2026-04-19 20:53:41.702,240.0,False,clean,False
AI224,AI224,False,Air India,DEL,HYD,DEL-HYD,2026-04-19 16:51:41.703,2026-04-19 21:36:41.703,285.0,False,clean,False
SJ182,SJ182,False,SpiceJet,CCU,BOM,CCU-BOM,2026-04-19 16:48:41.703,2026-04-19 17:36:41.703,48.0,False,clean,False
UK164,UK164,False,Vistara,BOM,HYD,BOM-HYD,2026-04-19 16:46:41.703,2026-04-19 21:10:41.703,264.0,False,clean,False
AI161,AI161,False,Air India,CCU,BOM,CCU-BOM,2026-04-19 16:40:41.703,2026-04-19 19:40:41.703,180.0,False,clean,False
6F206,6F206,False,IndiGo,DEL,BOM,DEL-BOM,2026-04-19 16:39:41.703,2026-04-19 20:59:41.703,260.0,False,clean,False
SJ204,SJ204,False,SpiceJet,CCU,DEL,CCU-DEL,2026-04-19 16:34:41.703,2026-04-19 18:15:41.703,101.0,False,clean,False
AI206,AI206,False,Air India,CCU,MAA,CCU-MAA,2026-04-19 16:30:41.703,2026-04-19 20:01:41.703,211.0,False,clean,False
6F140,6F140,False,IndiGo,CCU,HYD,CCU-HYD,2026-04-19 16:30:41.702,2026-04-19 18:21:41.702,111.0,False,clean,False
6F253,6F253,False,IndiGo,MAA,BLR,MAA-BLR,2026-04-19 16:26:41.703,2026-04-19 18:24:41.703,118.0,False,clean,False
SJ203,SJ203,False,SpiceJet,DEL,HYD,DEL-HYD,2026-04-19 16:22:41.703,2026-04-19 18:27:41.703,125.0,False,clean,False
SJ161,SJ161,False,SpiceJet,MAA,BLR,MAA-BLR,2026-04-19 16:22:41.703,2026-04-19 17:04:41.703,42.0,False,clean,False
AI098,AI098,False,Air India,HYD,MAA,HYD-MAA,2026-04-19 16:01:41.702,2026-04-19 18:11:41.702,130.0,False,clean,False
AI168,AI168,False,Air India,DEL,CCU,DEL-CCU,2026-04-19 15:50:41.703,2026-04-19 20:20:41.703,270.0,False,clean,False
UK190,UK190,False,Vistara,DEL,BLR,DEL-BLR,2026-04-19 15:49:41.703,2026-04-19 18:53:41.703,184.0,False,clean,False
AI085,AI085,False,Air India,DEL,HYD,DEL-HYD,2026-04-19 15:45:41.702,2026-04-19 20:33:41.702,288.0,False,clean,False
AI076,AI076,False,Air India,BLR,BOM,BLR-BOM,2026-04-19 15:37:41.702,2026-04-19 16:12:41.702,35.0,False,clean,False
UK130,UK130,False,Vistara,MAA,BLR,MAA-BLR,2026-04-19 15:36:41.702,2026-04-19 19:43:41.702,247.0,False,clean,False
6F038,6F038,False,IndiGo,HYD,MAA,HYD-MAA,2026-04-19 15:36:41.701,2026-04-19 19:33:41.701,237.0,False,clean,False
UK110,UK110,False,Vistara,HYD,DEL,HYD-DEL,2026-04-19 15:26:41.702,2026-04-19 20:13:41.702,287.0,False,clean,False
SJ013,SJ013,False,SpiceJet,DEL,MAA,DEL-MAA,2026-04-19 15:25:41.701,2026-04-19 19:54:41.701,269.0,False,clean,False
AI039,AI039,False,Air India,MAA,BLR,MAA-BLR,2026-04-19 15:24:41.701,2026-04-19 18:56:41.701,212.0,False,clean,False
AI248,AI248,False,Air India,CCU,DEL,CCU-DEL,2026-04-19 15:17:41.704,2026-04-19 16:35:41.704,78.0,False,clean,False
6F199,6F199,False,IndiGo,DEL,MAA,DEL-MAA,2026-04-19 15:15:41.703,2026-04-19 17:32:41.703,137.0,False,clean,False
AI225,AI225,False,Air India,BOM,BLR,BOM-BLR,2026-04-19 15:05:41.703,2026-04-19 16:01:41.703,56.0,False,clean,False
SJ028,SJ028,False,SpiceJet,CCU,BOM,CCU-BOM,2026-04-19 15:04:41.701,2026-04-19 19:32:41.701,268.0,False,clean,False
SJ012,SJ012,False,SpiceJet,HYD,BLR,HYD-BLR,2026-04-19 15:01:41.701,2026-04-19 16:12:41.701,71.0,False,clean,False
SJ131,SJ131,False,SpiceJet,MAA,HYD,MAA-HYD,2026-04-19 15:00:41.702,2026-04-19 16:07:41.702,67.0,False,clean,False
AI010,AI010,False,Air India,BOM,HYD,BOM-HYD,2026-04-19 15:00:41.701,2026-04-19 19:48:41.701,288.0,False,clean,False
6F020,6F020,False,IndiGo,BOM,HYD,BOM-HYD,2026-04-19 14:58:41.701,2026-04-19 16:43:41.701,105.0,False,clean,False
SJ038,SJ038,False,SpiceJet,BLR,DEL,BLR-DEL,2026-04-19 14:57:41.701,2026-04-19 17:46:41.701,169.0,False,clean,False
UK204,UK204,False,Vistara,BLR,DEL,BLR-DEL,2026-04-19 14:46:41.703,2026-04-19 16:24:41.703,98.0,False,clean,False
AI036,AI036,False,Air India,BOM,CCU,BOM-CCU,2026-04-19 14:45:41.701,2026-04-19 16:16:41.701,91.0,False,clean,False
AI100,AI100,False,Air India,CCU,BOM,CCU-BOM,2026-04-19 14:42:41.702,2026-04-19 18:22:41.702,220.0,False,clean,False
SJ215,SJ215,False,SpiceJet,CCU,DEL,CCU-DEL,2026-04-19 14:37:41.703,2026-04-19 16:12:41.703,95.0,False,clean,False
UK155,UK155,False,Vistara,MAA,HYD,MAA-HYD,2026-04-19 14:34:41.703,2026-04-19 18:37:41.703,243.0,False,clean,False
SJ173,SJ173,False,SpiceJet,CCU,HYD,CCU-HYD,2026-04-19 14:27:41.703,2026-04-19 16:09:41.703,102.0,False,clean,False
UK179,UK179,False,Vistara,DEL,HYD,DEL-HYD,2026-04-19 14:25:41.703,2026-04-19 19:15:41.703,290.0,False,clean,False
UK221,UK221,False,Vistara,CCU,DEL,CCU-DEL,2026-04-19 14:18:41.704,2026-04-19 18:44:41.704,266.0,False,clean,False
UK023,UK023,False,Vistara,DEL,MAA,DEL-MAA,2026-04-19 14:15:41.701,2026-04-19 19:03:41.701,288.0,False,clean,False
SJ107,SJ107,False,SpiceJet,BOM,MAA,BOM-MAA,2026-04-19 14:10:41.702,2026-04-19 18:38:41.702,268.0,False,clean,False
AI073,AI073,False,Air India,BOM,BLR,BOM-BLR,2026-04-19 14:08:41.702,2026-04-19 16:10:41.702,122.0,False,clean,False
SJ187,SJ187,False,SpiceJet,MAA,BLR,MAA-BLR,2026-04-19 14:07:41.703,2026-04-19 17:30:41.703,203.0,False,clean,False
UK058,UK058,False,Vistara,MAA,BOM,MAA-BOM,2026-04-19 13:46:41.701,2026-04-19 17:04:41.701,198.0,False,clean,False
SJ063,SJ063,False,SpiceJet,MAA,BOM,MAA-BOM,2026-04-19 13:38:41.701,2026-04-19 15:23:41.701,105.0,False,clean,False
SJ062,SJ062,False,SpiceJet,BLR,HYD,BLR-HYD,2026-04-19 13:37:41.701,2026-04-19 17:06:41.701,209.0,False,clean,False
UK048,UK048,False,Vistara,MAA,DEL,MAA-DEL,2026-04-19 13:36:41.701,2026-04-19 18:21:41.701,285.0,False,clean,False
AI181,AI181,False,Air India,MAA,HYD,MAA-HYD,2026-04-19 13:29:41.703,2026-04-19 16:55:41.703,206.0,False,clean,False
AI003,AI003,False,Air India,BLR,HYD,BLR-HYD,2026-04-19 13:27:41.701,2026-04-19 16:55:41.701,208.0,False,clean,False
6F041,6F041,False,IndiGo,MAA,BOM,MAA-BOM,2026-04-19 13:19:41.701,2026-04-19 16:48:41.701,209.0,False,clean,False
6F175,6F175,False,IndiGo,MAA,CCU,MAA-CCU,2026-04-19 13:18:41.703,2026-04-19 15:13:41.703,115.0,False,clean,False
6F013,6F013,False,IndiGo,BOM,CCU,BOM-CCU,2026-04-19 13:15:41.701,2026-04-19 18:05:41.701,290.0,False,clean,False
SJ040,SJ040,False,SpiceJet,BOM,CCU,BOM-CCU,2026-04-19 13:12:41.701,2026-04-19 16:44:41.701,212.0,False,clean,False
SJ016,SJ016,False,SpiceJet,HYD,CCU,HYD-CCU,2026-04-19 13:01:41.701,2026-04-19 16:26:41.701,205.0,False,clean,False
6F135,6F135,False,IndiGo,MAA,HYD,MAA-HYD,2026-04-19 12:59:41.702,2026-04-19 13:45:41.702,46.0,False,clean,False
6F150,6F150,False,IndiGo,HYD,MAA,HYD-MAA,2026-04-19 12:55:41.703,2026-04-19 16:53:41.703,238.0,False,clean,False
AI083,AI083,False,Air India,DEL,BOM,DEL-BOM,2026-04-19 12:54:41.702,2026-04-19 13:37:41.702,43.0,False,clean,False
SJ166,SJ166,False,SpiceJet,CCU,HYD,CCU-HYD,2026-04-19 12:51:41.703,2026-04-19 16:18:41.703,207.0,False,clean,False
SJ027,SJ027,False,SpiceJet,BOM,MAA,BOM-MAA,2026-04-19 12:50:41.701,2026-04-19 17:13:41.701,263.0,False,clean,False
6F134,6F134,False,IndiGo,BLR,MAA,BLR-MAA,2026-04-19 12:47:41.702,2026-04-19 14:06:41.702,79.0,False,clean,False
UK225,UK225,False,Vistara,MAA,BLR,MAA-BLR,2026-04-19 12:46:41.704,2026-04-19 15:02:41.704,136.0,False,clean,False
SJ175,SJ175,False,SpiceJet,MAA,BLR,MAA-BLR,2026-04-19 12:46:41.703,2026-04-19 16:50:41.703,244.0,False,clean,False
AI182,AI182,False,Air India,HYD,DEL,HYD-DEL,2026-04-19 12:41:41.703,2026-04-19 17:14:41.703,273.0,False,clean,False
AI190,AI190,False,Air India,BOM,CCU,BOM-CCU,2026-04-19 12:38:41.703,2026-04-19 15:56:41.703,198.0,False,clean,False
AI120,AI120,False,Air India,MAA,CCU,MAA-CCU,2026-04-19 12:12:41.702,2026-04-19 14:18:41.702,126.0,False,clean,False
6F132,6F132,False,IndiGo,MAA,BOM,MAA-BOM,2026-04-19 12:00:41.702,2026-04-19 13:00:42.000,60.00496666666666,False,clean,False
UK102,UK102,False,Vistara,HYD,CCU,HYD-CCU,2026-04-19 11:58:41.702,2026-04-19 14:01:41.702,123.0,False,clean,False
AI045,AI045,False,Air India,HYD,MAA,HYD-MAA,2026-04-19 11:58:41.701,2026-04-19 14:37:41.701,159.0,False,clean,False
UK136,UK136,False,Vistara,HYD,CCU,HYD-CCU,2026-04-19 11:43:41.703,2026-04-19 15:26:41.703,223.0,False,clean,False
SJ238,SJ238,False,SpiceJet,MAA,BLR,MAA-BLR,2026-04-19 11:41:41.704,2026-04-19 15:39:41.704,238.0,False,clean,False
AI193,AI193,False,Air India,MAA,HYD,MAA-HYD,2026-04-19 11:33:41.703,2026-04-19 16:07:41.703,274.0,False,clean,False
6F001,6F001,False,IndiGo,HYD,BOM,HYD-BOM,2026-04-19 11:33:41.700,2026-04-19 13:08:41.700,95.0,False,clean,False
6F211,6F211,False,IndiGo,MAA,BLR,MAA-BLR,2026-04-19 11:29:41.703,2026-04-19 16:20:41.703,291.0,False,clean,False
SJ199,SJ199,False,SpiceJet,HYD,BOM,HYD-BOM,2026-04-19 11:29:41.703,2026-04-19 13:59:41.703,150.0,False,clean,False
SJ050,SJ050,False,SpiceJet,HYD,CCU,HYD-CCU,2026-04-19 11:24:41.701,2026-04-19 12:03:41.701,39.0,False,clean,False
UK115,UK115,False,Vistara,BLR,BOM,BLR-BOM,2026-04-19 11:20:41.702,2026-04-19 13:20:42.000,120.00496666666666,False,clean,False
AI037,AI037,False,Air India,BOM,BLR,BOM-BLR,2026-04-19 11:14:41.701,2026-04-19 15:13:41.701,239.0,False,clean,False
6F235,6F235,False,IndiGo,HYD,MAA,HYD-MAA,2026-04-19 11:06:41.704,2026-04-19 13:51:41.704,165.0,False,clean,False
UK111,UK111,False,Vistara,MAA,BLR,MAA-BLR,2026-04-19 11:06:41.702,2026-04-19 12:20:41.702,74.0,False,clean,False
6F005,6F005,False,IndiGo,BOM,MAA,BOM-MAA,2026-04-19 11:04:41.701,2026-04-19 15:27:41.701,263.0,False,clean,False
AI198,AI198,False,Air India,CCU,MAA,CCU-MAA,2026-04-19 10:56:41.703,2026-04-19 14:19:41.703,203.0,False,clean,False
UK184,UK184,False,Vistara,MAA,HYD,MAA-HYD,2026-04-19 10:49:41.703,2026-04-19 13:00:41.703,131.0,False,clean,False
6F219,6F219,False,IndiGo,MAA,DEL,MAA-DEL,2026-04-19 10:32:41.704,2026-04-19 14:37:41.704,245.0,False,clean,False
UK066,UK066,False,Vistara,BOM,CCU,BOM-CCU,2026-04-19 10:29:41.701,2026-04-19 12:07:41.701,98.0,False,clean,False
6F220,6F220,False,IndiGo,HYD,BOM,HYD-BOM,2026-04-19 10:27:41.704,2026-04-19 11:25:41.704,58.0,False,clean,False
AI180,AI180,False,Air India,BOM,CCU,BOM-CCU,2026-04-19 10:19:41.703,2026-04-19 11:00:41.703,41.0,False,clean,False
6F098,6F098,False,IndiGo,BLR,MAA,BLR-MAA,2026-04-19 10:18:41.702,2026-04-19 12:49:41.702,151.0,False,clean,False
AI141,AI141,False,Air India,BLR,DEL,BLR-DEL,2026-04-19 10:16:41.702,2026-04-19 14:53:41.702,277.0,False,clean,False
SJ170,SJ170,False,SpiceJet,BLR,BOM,BLR-BOM,2026-04-19 10:11:41.703,2026-04-19 11:56:41.703,105.0,False,clean,False
SJ178,SJ178,False,SpiceJet,BOM,HYD,BOM-HYD,2026-04-19 09:58:41.703,2026-04-19 12:27:41.703,149.0,False,clean,False
6F172,6F172,False,IndiGo,BOM,BLR,BOM-BLR,2026-04-19 09:53:41.703,2026-04-19 14:46:41.703,293.0,False,clean,False
UK220,UK220,False,Vistara,BLR,BOM,BLR-BOM,2026-04-19 09:51:41.704,2026-04-19 13:25:41.704,214.0,False,clean,False
SJ148,SJ148,False,SpiceJet,DEL,BLR,DEL-BLR,2026-04-19 09:51:41.702,2026-04-19 13:41:41.702,230.0,False,clean,False
UK065,UK065,False,Vistara,BOM,CCU,BOM-CCU,2026-04-19 09:38:41.701,2026-04-19 13:46:41.701,248.0,False,clean,False
6F243,6F243,False,IndiGo,BOM,HYD,BOM-HYD,2026-04-19 09:37:41.704,2026-04-19 10:33:41.704,56.0,False,clean,False
SJ193,SJ193,False,SpiceJet,CCU,DEL,CCU-DEL,2026-04-19 09:37:41.703,2026-04-19 12:16:41.703,159.0,False,clean,False
UK056,UK056,False,Vistara,HYD,MAA,HYD-MAA,2026-04-19 09:29:41.701,2026-04-19 10:15:41.701,46.0,False,clean,False
AI219,AI219,False,Air India,BLR,DEL,BLR-DEL,2026-04-19 09:28:41.703,2026-04-19 11:27:41.703,119.0,False,clean,False
SJ073,SJ073,False,SpiceJet,CCU,BLR,CCU-BLR,2026-04-19 09:26:41.701,2026-04-19 11:14:41.701,108.0,False,clean,False
6F052,6F052,False,IndiGo,BOM,CCU,BOM-CCU,2026-04-19 09:13:41.701,2026-04-19 12:02:41.701,169.0,False,clean,False
SJ201,SJ201,False,SpiceJet,BLR,DEL,BLR-DEL,2026-04-19 09:10:41.703,2026-04-19 11:12:41.703,122.0,False,clean,False
UK028,UK028,False,Vistara,HYD,MAA,HYD-MAA,2026-04-19 09:02:41.701,2026-04-19 10:37:41.701,95.0,False,clean,False
SJ119,SJ119,False,SpiceJet,BOM,CCU,BOM-CCU,2026-04-19 08:53:41.702,2026-04-19 11:29:41.702,156.0,False,clean,False
AI165,AI165,False,Air India,DEL,CCU,DEL-CCU,2026-04-19 08:51:41.703,2026-04-19 10:31:41.703,100.0,False,clean,False
AI255,AI255,False,Air India,MAA,CCU,MAA-CCU,2026-04-19 08:45:41.704,2026-04-19 13:12:41.704,267.0,False,clean,False
AI202,AI202,False,Air India,HYD,BLR,HYD-BLR,2026-04-19 08:44:41.703,2026-04-19 10:53:41.703,129.0,False,clean,False
SJ039,SJ039,False,SpiceJet,MAA,BOM,MAA-BOM,2026-04-19 08:41:41.701,2026-04-19 12:08:41.701,207.0,False,clean,False
SJ051,SJ051,False,SpiceJet,BOM,BLR,BOM-BLR,2026-04-19 08:40:41.701,2026-04-19 12:18:41.701,218.0,False,clean,False
UK024,UK024,False,Vistara,MAA,BLR,MAA-BLR,2026-04-19 08:29:41.701,2026-04-19 13:29:41.701,300.0,False,clean,False
SJ006,SJ006,False,SpiceJet,HYD,BLR,HYD-BLR,2026-04-19 08:25:41.701,2026-04-19 08:57:41.701,32.0,False,clean,False
AI207,AI207,False,Air India,BOM,MAA,BOM-MAA,2026-04-19 08:24:41.703,2026-04-19 11:23:41.703,179.0,False,clean,False
SJ168,SJ168,False,SpiceJet,CCU,BOM,CCU-BOM,2026-04-19 08:17:41.703,2026-04-19 12:29:41.703,252.0,False,clean,False
AI028,AI028,False,Air India,HYD,BOM,HYD-BOM,2026-04-19 07:53:41.701,2026-04-19 08:35:41.701,42.0,False,clean,False
6F094,6F094,False,IndiGo,BLR,BOM,BLR-BOM,2026-04-19 07:37:41.702,2026-04-19 09:06:41.702,89.0,False,clean,False
6F024,6F024,False,IndiGo,BOM,DEL,BOM-DEL,2026-04-19 07:31:41.701,2026-04-19 11:17:41.701,226.0,False,clean,False
6F061,6F061,False,IndiGo,MAA,BOM,MAA-BOM,2026-04-19 07:28:41.701,2026-04-19 08:09:41.701,41.0,False,clean,False
AI032,AI032,False,Air India,MAA,BLR,MAA-BLR,2026-04-19 07:26:41.701,2026-04-19 09:26:42.000,120.00498333333333,False,clean,False
UK163,UK163,False,Vistara,DEL,HYD,DEL-HYD,2026-04-19 07:22:41.703,2026-04-19 09:04:41.703,102.0,False,clean,False
SJ067,SJ067,False,SpiceJet,MAA,BLR,MAA-BLR,2026-04-19 07:17:41.701,2026-04-19 08:16:41.701,59.0,False,clean,False
SJ106,SJ106,False,SpiceJet,CCU,DEL,CCU-DEL,2026-04-19 07:16:41.702,2026-04-19 09:40:41.702,144.0,False,clean,False
AI086,AI086,False,Air India,CCU,HYD,CCU-HYD,2026-04-19 07:13:41.702,2026-04-19 10:09:41.702,176.0,False,clean,False
6F263,6F263,False,IndiGo,DEL,HYD,DEL-HYD,2026-04-19 07:07:41.703,2026-04-19 08:30:41.703,83.0,False,clean,False
6F163,6F163,False,IndiGo,MAA,BOM,MAA-BOM,2026-04-19 06:49:41.703,2026-04-19 10:46:41.703,237.0,False,clean,False
SJ064,SJ064,False,SpiceJet,CCU,DEL,CCU-DEL,2026-04-19 06:29:41.701,2026-04-19 08:43:41.701,134.0,False,clean,False
UK118,UK118,False,Vistara,HYD,BLR,HYD-BLR,2026-04-19 06:22:41.702,2026-04-19 07:22:42.000,60.00496666666666,False,clean,False
UK022,UK022,False,Vistara,DEL,HYD,DEL-HYD,2026-04-19 06:22:41.701,2026-04-19 10:59:41.701,277.0,False,clean,False
UK099,UK099,False,Vistara,BOM,MAA,BOM-MAA,2026-04-19 06:16:41.702,2026-04-19 10:24:41.702,248.0,False,clean,False
6F212,6F212,False,IndiGo,BLR,CCU,BLR-CCU,2026-04-19 06:10:41.703,2026-04-19 10:52:41.703,282.0,False,clean,False
AI023,AI023,False,Air India,HYD,BLR,HYD-BLR,2026-04-19 06:10:41.701,2026-04-19 09:35:41.701,205.0,False,clean,False
SJ245,SJ245,False,SpiceJet,BOM,DEL,BOM-DEL,2026-04-19 06:07:41.704,2026-04-19 09:39:41.704,212.0,False,clean,False
6F066,6F066,False,IndiGo,BLR,HYD,BLR-HYD,2026-04-19 06:07:41.701,2026-04-19 07:43:41.701,96.0,False,clean,False
AI138,AI138,False,Air India,DEL,CCU,DEL-CCU,2026-04-19 05:50:41.702,2026-04-19 06:40:41.702,50.0,False,clean,False
SJ021,SJ021,False,SpiceJet,HYD,BLR,HYD-BLR,2026-04-19 05:48:41.701,2026-04-19 09:46:41.701,238.0,False,clean,False
SJ136,SJ136,False,SpiceJet,HYD,BLR,HYD-BLR,2026-04-19 05:45:41.702,2026-04-19 08:04:41.702,139.0,False,clean,False
AI148,AI148,False,Air India,HYD,MAA,HYD-MAA,2026-04-19 05:41:41.703,2026-04-19 08:32:41.703,171.0,False,clean,False
SJ014,SJ014,False,SpiceJet,BOM,HYD,BOM-HYD,2026-04-19 05:40:41.701,2026-04-19 06:39:41.701,59.0,False,clean,False
6F104,6F104,False,IndiGo,CCU,BOM,CCU-BOM,2026-04-19 05:39:41.702,2026-04-19 06:14:41.702,35.0,False,clean,False
SJ121,SJ121,False,SpiceJet,CCU,DEL,CCU-DEL,2026-04-19 05:32:41.702,2026-04-19 06:47:41.702,75.0,False,clean,False
UK174,UK174,False,Vistara,CCU,DEL,CCU-DEL,2026-04-19 05:27:41.703,2026-04-19 07:47:41.703,140.0,False,clean,False
AI033,AI033,False,Air India,MAA,CCU,MAA-CCU,2026-04-19 05:25:41.701,2026-04-19 10:21:41.701,296.0,False,clean,False
SJ122,SJ122,False,SpiceJet,CCU,BOM,CCU-BOM,2026-04-19 05:22:41.702,2026-04-19 10:09:41.702,287.0,False,clean,False
UK095,UK095,False,Vistara,BOM,MAA,BOM-MAA,2026-04-19 05:22:41.702,2026-04-19 07:36:41.702,134.0,False,clean,False
SJ026,SJ026,False,SpiceJet,CCU,MAA,CCU-MAA,2026-04-19 05:22:41.701,2026-04-19 09:40:41.701,258.0,False,clean,False
6F221,6F221,False,IndiGo,MAA,DEL,MAA-DEL,2026-04-19 05:20:41.704,2026-04-19 08:52:41.704,212.0,False,clean,False
SJ103,SJ103,False,SpiceJet,MAA,BLR,MAA-BLR,2026-04-19 05:16:41.702,2026-04-19 08:56:41.702,220.0,False,clean,False
SJ011,SJ011,False,SpiceJet,BOM,MAA,BOM-MAA,2026-04-19 05:14:41.701,2026-04-19 09:59:41.701,285.0,False,clean,False
AI002,AI002,False,Air India,HYD,BLR,HYD-BLR,2026-04-19 05:12:41.700,2026-04-19 07:12:41.700,120.0,False,clean,False
AI046,AI046,False,Air India,DEL,BOM,DEL-BOM,2026-04-19 05:09:41.701,2026-04-19 08:00:41.701,171.0,False,clean,False
SJ053,SJ053,False,SpiceJet,CCU,DEL,CCU-DEL,2026-04-19 05:00:41.701,2026-04-19 06:38:41.701,98.0,False,clean,False
AI236,AI236,False,Air India,DEL,BOM,DEL-BOM,2026-04-19 04:52:41.704,2026-04-19 09:11:41.704,259.0,False,clean,False
AI254,AI254,False,Air India,CCU,HYD,CCU-HYD,2026-04-19 04:46:41.704,2026-04-19 08:06:41.704,200.0,False,clean,False
6F063,6F063,False,IndiGo,DEL,HYD,DEL-HYD,2026-04-19 04:42:41.701,2026-04-19 07:31:41.701,169.0,False,clean,False
6F115,6F115,False,IndiGo,MAA,BLR,MAA-BLR,2026-04-19 04:41:41.702,2026-04-19 06:23:41.702,102.0,False,clean,False
UK070,UK070,False,Vistara,BOM,DEL,BOM-DEL,2026-04-19 04:36:41.701,2026-04-19 06:49:41.701,133.0,False,clean,False
SJ147,SJ147,False,SpiceJet,BLR,CCU,BLR-CCU,2026-04-19 04:30:41.702,2026-04-19 08:52:41.702,262.0,False,clean,False
UK201,UK201,False,Vistara,HYD,BOM,HYD-BOM,2026-04-19 04:29:41.703,2026-04-19 06:42:41.703,133.0,False,clean,False
SJ234,SJ234,False,SpiceJet,BLR,CCU,BLR-CCU,2026-04-19 04:20:41.704,2026-04-19 06:23:41.704,123.0,False,clean,False
AI176,AI176,False,Air India,BLR,DEL,BLR-DEL,2026-04-19 04:20:41.703,2026-04-19 06:25:41.703,125.0,False,clean,False
SJ045,SJ045,False,SpiceJet,DEL,MAA,DEL-MAA,2026-04-19 04:16:41.701,2026-04-19 09:03:41.701,287.0,False,clean,False
SJ174,SJ174,False,SpiceJet,CCU,DEL,CCU-DEL,2026-04-19 04:09:41.703,2026-04-19 05:04:41.703,55.0,False,clean,False
AI007,AI007,False,Air India,MAA,DEL,MAA-DEL,2026-04-19 04:01:41.701,2026-04-19 06:01:42.000,120.00498333333333,False,clean,False
AI143,AI143,False,Air India,CCU,DEL,CCU-DEL,2026-04-19 03:58:41.702,2026-04-19 04:36:41.702,38.0,False,clean,False
SJ241,SJ241,False,SpiceJet,DEL,HYD,DEL-HYD,2026-04-19 03:57:41.704,2026-04-19 06:36:41.704,159.0,False,clean,False
AI020,AI020,False,Air India,BOM,BLR,BOM-BLR,2026-04-19 03:53:41.701,2026-04-19 06:21:41.701,148.0,False,clean,False
UK031,UK031,False,Vistara,CCU,DEL,CCU-DEL,2026-04-19 03:45:41.701,2026-04-19 07:20:41.701,215.0,False,clean,False
AI013,AI013,False,Air India,HYD,BLR,HYD-BLR,2026-04-19 03:41:41.701,2026-04-19 04:58:41.701,77.0,False,clean,False
AI249,AI249,False,Air India,BLR,HYD,BLR-HYD,2026-04-19 03:38:41.704,2026-04-19 06:27:41.704,169.0,False,clean,False
UK046,UK046,False,Vistara,CCU,DEL,CCU-DEL,2026-04-19 03:37:41.701,2026-04-19 06:05:41.701,148.0,False,clean,False
UK168,UK168,False,Vistara,BLR,CCU,BLR-CCU,2026-04-19 03:20:41.703,2026-04-19 04:09:41.703,49.0,False,clean,False
AI022,AI022,False,Air India,BOM,MAA,BOM-MAA,2026-04-19 03:15:41.701,2026-04-19 05:10:41.701,115.0,False,clean,False
UK218,UK218,False,Vistara,MAA,BLR,MAA-BLR,2026-04-19 03:12:41.704,2026-04-19 07:22:41.704,250.0,False,clean,False
UK142,UK142,False,Vistara,BLR,DEL,BLR-DEL,2026-04-19 03:03:41.703,2026-04-19 07:13:41.703,250.0,False,clean,False
6F067,6F067,False,IndiGo,MAA,BLR,MAA-BLR,2026-04-19 02:59:41.701,2026-04-19 06:02:41.701,183.0,False,clean,False
SJ217,SJ217,False,SpiceJet,BOM,CCU,BOM-CCU,2026-04-19 02:57:41.703,2026-04-19 06:04:41.703,187.0,False,clean,False
SJ143,SJ143,False,SpiceJet,DEL,BOM,DEL-BOM,2026-04-19 02:55:41.702,2026-04-19 03:52:41.702,57.0,False,clean,False
AI243,AI243,False,Air India,BLR,BOM,BLR-BOM,2026-04-19 02:50:41.704,2026-04-19 05:09:41.704,139.0,False,clean,False
SJ246,SJ246,False,SpiceJet,BOM,DEL,BOM-DEL,2026-04-19 02:47:41.704,2026-04-19 03:47:42.000,60.004933333333334,False,clean,False
6F170,6F170,False,IndiGo,HYD,DEL,HYD-DEL,2026-04-19 02:44:41.703,2026-04-19 04:14:41.703,90.0,False,clean,False
UK157,UK157,False,Vistara,CCU,BOM,CCU-BOM,2026-04-19 02:41:41.703,2026-04-19 03:41:42.000,60.00495,False,clean,False
UK172,UK172,False,Vistara,DEL,BOM,DEL-BOM,2026-04-19 02:20:41.703,2026-04-19 05:21:41.703,181.0,False,clean,False
SJ139,SJ139,False,SpiceJet,DEL,BLR,DEL-BLR,2026-04-19 02:20:41.702,2026-04-19 06:02:41.702,222.0,False,clean,False
UK085,UK085,False,Vistara,MAA,DEL,MAA-DEL,2026-04-19 02:15:41.702,2026-04-19 03:17:41.702,62.0,False,clean,False
6F079,6F079,False,IndiGo,MAA,HYD,MAA-HYD,2026-04-19 02:14:41.702,2026-04-19 06:18:41.702,244.0,False,clean,False
SJ032,SJ032,False,SpiceJet,MAA,BOM,MAA-BOM,2026-04-19 02:11:41.701,2026-04-19 04:33:41.701,142.0,False,clean,False
6F182,6F182,False,IndiGo,BOM,CCU,BOM-CCU,2026-04-19 02:10:41.703,2026-04-19 04:18:41.703,128.0,False,clean,False
AI106,AI106,False,Air India,HYD,BLR,HYD-BLR,2026-04-19 02:07:41.702,2026-04-19 03:20:41.702,73.0,False,clean,False
AI200,AI200,False,Air India,HYD,MAA,HYD-MAA,2026-04-19 02:05:41.703,2026-04-19 05:29:41.703,204.0,False,clean,False
6F142,6F142,False,IndiGo,CCU,MAA,CCU-MAA,2026-04-19 02:05:41.702,2026-04-19 06:04:41.702,239.0,False,clean,False
SJ079,SJ079,False,SpiceJet,HYD,DEL,HYD-DEL,2026-04-19 01:58:41.702,2026-04-19 05:02:41.702,184.0,False,clean,False
SJ082,SJ082,False,SpiceJet,BOM,DEL,BOM-DEL,2026-04-19 01:54:41.702,2026-04-19 02:33:41.702,39.0,False,clean,False
SJ110,SJ110,False,SpiceJet,CCU,DEL,CCU-DEL,2026-04-19 01:47:41.702,2026-04-19 02:20:41.702,33.0,False,clean,False
6F262,6F262,False,IndiGo,MAA,DEL,MAA-DEL,2026-04-19 01:44:41.702,2026-04-19 02:47:41.702,63.0,False,clean,False
UK143,UK143,False,Vistara,BLR,BOM,BLR-BOM,2026-04-19 01:34:41.703,2026-04-19 02:48:41.703,74.0,False,clean,False
6F269,6F269,False,IndiGo,HYD,MAA,HYD-MAA,2026-04-19 01:30:41.702,2026-04-19 02:52:41.702,82.0,False,clean,False
6F214,6F214,False,IndiGo,BOM,CCU,BOM-CCU,2026-04-19 01:21:41.703,2026-04-19 05:20:41.703,239.0,False,clean,False
SJ213,SJ213,False,SpiceJet,BOM,CCU,BOM-CCU,2026-04-19 01:19:41.703,2026-04-19 04:48:41.703,209.0,False,clean,False
SJ072,SJ072,False,SpiceJet,DEL,HYD,DEL-HYD,2026-04-19 01:18:41.701,2026-04-19 04:08:41.701,170.0,False,clean,False
6F059,6F059,False,IndiGo,BOM,DEL,BOM-DEL,2026-04-19 01:12:41.701,2026-04-19 06:02:41.701,290.0,False,clean,False
UK202,UK202,False,Vistara,DEL,HYD,DEL-HYD,2026-04-19 01:11:41.703,2026-04-19 05:37:41.703,266.0,False,clean,False
UK037,UK037,False,Vistara,BLR,BOM,BLR-BOM,2026-04-19 01:10:41.701,2026-04-19 05:12:41.701,242.0,False,clean,False
UK069,UK069,False,Vistara,CCU,DEL,CCU-DEL,2026-04-19 01:10:41.701,2026-04-19 03:23:41.701,133.0,False,clean,False
SJ118,SJ118,False,SpiceJet,DEL,BOM,DEL-BOM,2026-04-19 01:08:41.702,2026-04-19 02:33:41.702,85.0,False,clean,False
6F145,6F145,False,IndiGo,CCU,DEL,CCU-DEL,2026-04-19 01:02:41.703,2026-04-19 02:18:41.703,76.0,False,clean,False
UK097,UK097,False,Vistara,HYD,BOM,HYD-BOM,2026-04-19 00:49:41.702,2026-04-19 05:00:41.702,251.0,False,clean,False
6F117,6F117,False,IndiGo,CCU,DEL,CCU-DEL,2026-04-19 00:46:41.702,2026-04-19 01:51:41.702,65.0,False,clean,False
6F226,6F226,False,IndiGo,DEL,BOM,DEL-BOM,2026-04-19 00:38:41.704,2026-04-19 02:55:41.704,137.0,False,clean,False
6F050,6F050,False,IndiGo,DEL,BOM,DEL-BOM,2026-04-19 00:35:41.701,2026-04-19 04:32:41.701,237.0,False,clean,False
UK196,UK196,False,Vistara,BOM,HYD,BOM-HYD,2026-04-19 00:32:41.703,2026-04-19 04:49:41.703,257.0,False,clean,False
SJ086,SJ086,False,SpiceJet,CCU,DEL,CCU-DEL,2026-04-19 00:32:41.702,2026-04-19 04:17:41.702,225.0,False,clean,False
AI134,AI134,False,Air India,HYD,BOM,HYD-BOM,2026-04-19 00:28:41.702,2026-04-19 04:23:41.702,235.0,False,clean,False
AI043,AI043,False,Air India,CCU,DEL,CCU-DEL,2026-04-19 00:28:41.701,2026-04-19 04:37:41.701,249.0,False,clean,False
UK119,UK119,False,Vistara,BOM,CCU,BOM-CCU,2026-04-19 00:21:41.702,2026-04-19 04:38:41.702,257.0,False,clean,False
SJ181,SJ181,False,SpiceJet,BOM,BLR,BOM-BLR,2026-04-19 00:20:41.703,2026-04-19 01:49:41.703,89.0,False,clean,False
AI070,AI070,False,Air India,CCU,DEL,CCU-DEL,2026-04-19 00:05:41.702,2026-04-19 01:44:41.702,99.0,False,clean,False
6F233,6F233,False,IndiGo,BLR,BOM,BLR-BOM,2026-04-18 23:56:41.704,2026-04-19 03:53:41.704,237.0,True,clean,False
UK013,UK013,False,Vistara,BOM,MAA,BOM-MAA,2026-04-18 23:52:41.701,2026-04-19 02:52:41.701,180.0,True,clean,False
6F015,6F015,False,IndiGo,BOM,CCU,BOM-CCU,2026-04-18 23:39:41.701,2026-04-19 02:27:41.701,168.0,True,clean,False
SJ247,SJ247,False,SpiceJet,DEL,BOM,DEL-BOM,2026-04-18 23:38:41.704,2026-04-19 03:43:41.704,245.0,True,clean,False
AI067,AI067,False,Air India,HYD,DEL,HYD-DEL,2026-04-18 23:36:41.701,2026-04-19 03:09:41.701,213.0,True,clean,False
AI211,AI211,False,Air India,DEL,CCU,DEL-CCU,2026-04-18 23:34:41.703,2026-04-19 01:21:41.703,107.0,True,clean,False
UK029,UK029,False,Vistara,DEL,BOM,DEL-BOM,2026-04-18 23:26:41.701,2026-04-19 02:15:41.701,169.0,True,clean,False
SJ200,SJ200,False,SpiceJet,BOM,DEL,BOM-DEL,2026-04-18 23:24:41.703,2026-04-19 02:11:41.703,167.0,True,clean,False
6F087,6F087,False,IndiGo,DEL,HYD,DEL-HYD,2026-04-18 23:24:41.702,2026-04-19 03:10:41.702,226.0,True,clean,False
SJ210,SJ210,False,SpiceJet,HYD,CCU,HYD-CCU,2026-04-18 23:21:41.703,2026-04-19 02:54:41.703,213.0,True,clean,False
AI101,AI101,False,Air India,DEL,BLR,DEL-BLR,2026-04-18 23:20:41.702,2026-04-19 02:23:41.702,183.0,True,clean,False
UK075,UK075,False,Vistara,MAA,CCU,MAA-CCU,2026-04-18 23:15:41.702,2026-04-19 03:54:41.702,279.0,True,clean,False
SJ091,SJ091,False,SpiceJet,BLR,CCU,BLR-CCU,2026-04-18 23:10:41.702,2026-04-19 00:47:41.702,97.0,True,clean,False
AI251,AI251,False,Air India,MAA,DEL,MAA-DEL,2026-04-18 22:40:41.704,2026-04-18 23:24:41.704,44.0,False,clean,False
SJ042,SJ042,False,SpiceJet,HYD,CCU,HYD-CCU,2026-04-18 22:38:41.701,2026-04-19 02:20:41.701,222.0,True,clean,False
UK126,UK126,False,Vistara,CCU,DEL,CCU-DEL,2026-04-18 22:37:41.702,2026-04-19 00:03:41.702,86.0,True,clean,False
6F042,6F042,False,IndiGo,HYD,DEL,HYD-DEL,2026-04-18 22:35:41.701,2026-04-19 02:41:41.701,246.0,True,clean,False
AI116,AI116,False,Air India,CCU,BOM,CCU-BOM,2026-04-18 22:30:41.702,2026-04-19 01:57:41.702,207.0,True,clean,False
SJ209,SJ209,False,SpiceJet,BLR,BOM,BLR-BOM,2026-04-18 22:22:41.703,2026-04-19 02:03:41.703,221.0,True,clean,False
AI123,AI123,False,Air India,MAA,BOM,MAA-BOM,2026-04-18 22:19:41.702,2026-04-19 00:45:41.702,146.0,True,clean,False
6F016,6F016,False,IndiGo,HYD,BOM,HYD-BOM,2026-04-18 22:18:41.701,2026-04-18 22:54:41.701,36.0,False,clean,False
UK012,UK012,False,Vistara,MAA,BOM,MAA-BOM,2026-04-18 22:16:41.701,2026-04-19 00:25:41.701,129.0,True,clean,False
SJ188,SJ188,False,SpiceJet,BLR,BOM,BLR-BOM,2026-04-18 22:15:41.703,2026-04-18 22:55:41.703,40.0,False,clean,False
UK096,UK096,False,Vistara,BLR,HYD,BLR-HYD,2026-04-18 22:11:41.702,2026-04-19 00:06:41.702,115.0,True,clean,False
SJ046,SJ046,False,SpiceJet,BOM,MAA,BOM-MAA,2026-04-18 22:01:41.701,2026-04-19 01:25:41.701,204.0,True,clean,False
UK081,UK081,False,Vistara,BLR,DEL,BLR-DEL,2026-04-18 22:00:41.702,2026-04-18 23:00:41.702,60.0,False,clean,False
UK191,UK191,False,Vistara,MAA,BLR,MAA-BLR,2026-04-18 21:51:41.703,2026-04-18 22:57:41.703,66.0,False,clean,False
6F064,6F064,False,IndiGo,CCU,DEL,CCU-DEL,2026-04-18 21:45:41.701,2026-04-18 22:50:41.701,65.0,False,clean,False
AI005,AI005,False,Air India,DEL,CCU,DEL-CCU,2026-04-18 21:24:41.701,2026-04-18 22:11:41.701,47.0,False,clean,False
6F021,6F021,False,IndiGo,BLR,MAA,BLR-MAA,2026-04-18 21:23:41.701,2026-04-19 01:25:41.701,242.0,True,clean,False
AI169,AI169,False,Air India,CCU,DEL,CCU-DEL,2026-04-18 21:21:41.703,2026-04-19 01:34:41.703,253.0,True,clean,False
UK035,UK035,False,Vistara,HYD,BOM,HYD-BOM,2026-04-18 21:08:41.701,2026-04-18 22:24:41.701,76.0,False,clean,False
AI040,AI040,False,Air India,HYD,BLR,HYD-BLR,2026-04-18 21:01:41.701,2026-04-18 22:42:41.701,101.0,False,clean,False
UK042,UK042,False,Vistara,MAA,BOM,MAA-BOM,2026-04-18 20:59:41.701,2026-04-19 01:38:41.701,279.0,True,clean,False
SJ171,SJ171,False,SpiceJet,DEL,HYD,DEL-HYD,2026-04-18 20:52:41.703,2026-04-18 23:52:41.703,180.0,False,clean,False
AI250,AI250,False,Air India,BOM,CCU,BOM-CCU,2026-04-18 20:48:41.704,2026-04-19 00:12:41.704,204.0,True,clean,False
SJ195,SJ195,False,SpiceJet,BOM,CCU,BOM-CCU,2026-04-18 20:41:41.703,2026-04-18 23:54:41.703,193.0,False,clean,False
UK211,UK211,False,Vistara,MAA,CCU,MAA-CCU,2026-04-18 20:39:41.704,2026-04-18 22:02:41.704,83.0,False,clean,False
UK122,UK122,False,Vistara,HYD,CCU,HYD-CCU,2026-04-18 20:29:42.000,2026-04-18 23:29:42.000,180.0,False,clean,False
AI136,AI136,False,Air India,BLR,DEL,BLR-DEL,2026-04-18 20:29:41.702,2026-04-18 23:48:41.702,199.0,False,clean,False
6F141,6F141,False,IndiGo,BOM,CCU,BOM-CCU,2026-04-18 20:26:41.702,2026-04-18 22:28:41.702,122.0,False,clean,False
6F053,6F053,False,IndiGo,DEL,HYD,DEL-HYD,2026-04-18 20:26:41.701,2026-04-19 00:39:41.701,253.0,True,clean,False
6F136,6F136,False,IndiGo,CCU,DEL,CCU-DEL,2026-04-18 20:24:41.702,2026-04-18 21:01:41.702,37.0,False,clean,False
6F009,6F009,False,IndiGo,BLR,CCU,BLR-CCU,2026-04-18 20:21:41.701,2026-04-18 23:36:41.701,195.0,False,clean,False
6F023,6F023,False,IndiGo,MAA,BLR,MAA-BLR,2026-04-18 20:18:41.701,2026-04-19 00:14:41.701,236.0,True,clean,False
UK006,UK006,False,Vistara,MAA,CCU,MAA-CCU,2026-04-18 20:16:41.701,2026-04-18 21:55:41.701,99.0,False,clean,False
SJ165,SJ165,False,SpiceJet,CCU,BOM,CCU-BOM,2026-04-18 20:08:41.703,2026-04-18 23:18:41.703,190.0,False,clean,False
6F189,6F189,False,IndiGo,MAA,BLR,MAA-BLR,2026-04-18 20:08:41.703,2026-04-18 21:51:41.703,103.0,False,clean,False
AI131,AI131,False,Air India,MAA,BOM,MAA-BOM,2026-04-18 19:55:41.702,2026-04-18 22:35:41.702,160.0,False,clean,False
6F004,6F004,False,IndiGo,BOM,CCU,BOM-CCU,2026-04-18 19:53:41.701,2026-04-18 23:33:41.701,220.0,False,clean,False
AI027,AI027,False,Air India,BOM,MAA,BOM-MAA,2026-04-18 19:41:41.701,2026-04-18 23:23:41.701,222.0,False,clean,False
AI238,AI238,False,Air India,CCU,MAA,CCU-MAA,2026-04-18 19:25:41.704,2026-04-19 00:07:41.704,282.0,True,clean,False
SJ105,SJ105,False,SpiceJet,BOM,HYD,BOM-HYD,2026-04-18 19:22:41.702,2026-04-18 22:48:41.702,206.0,False,clean,False
UK088,UK088,False,Vistara,MAA,BLR,MAA-BLR,2026-04-18 19:16:41.702,2026-04-18 23:36:41.702,260.0,False,clean,False
6F035,6F035,False,IndiGo,CCU,HYD,CCU-HYD,2026-04-18 19:16:41.701,2026-04-18 23:40:41.701,264.0,False,clean,False
AI133,AI133,False,Air India,DEL,CCU,DEL-CCU,2026-04-18 19:12:41.702,2026-04-18 21:32:41.702,140.0,False,clean,False
AI001,AI001,False,Air India,DEL,HYD,DEL-HYD,2026-04-18 19:00:41.700,2026-04-18 22:03:41.700,183.0,False,clean,False
SJ133,SJ133,False,SpiceJet,BOM,CCU,BOM-CCU,2026-04-18 18:50:41.702,2026-04-18 21:29:41.702,159.0,False,clean,False
SJ216,SJ216,False,SpiceJet,BOM,CCU,BOM-CCU,2026-04-18 18:35:41.703,2026-04-18 21:31:41.703,176.0,False,clean,False
SJ225,SJ225,False,SpiceJet,DEL,HYD,DEL-HYD,2026-04-18 18:16:41.704,2026-04-18 20:53:41.704,157.0,False,clean,False
AI147,AI147,False,Air India,HYD,CCU,HYD-CCU,2026-04-18 18:14:41.703,2026-04-18 20:10:41.703,116.0,False,clean,False
SJ054,SJ054,False,SpiceJet,MAA,BLR,MAA-BLR,2026-04-18 18:13:41.701,2026-04-18 22:46:41.701,273.0,False,clean,False
6F197,6F197,False,IndiGo,BOM,BLR,BOM-BLR,2026-04-18 17:59:41.703,2026-04-18 22:44:41.703,285.0,False,clean,False
SJ066,SJ066,False,SpiceJet,HYD,CCU,HYD-CCU,2026-04-18 17:47:41.701,2026-04-18 19:03:41.701,76.0,False,clean,False
SJ183,SJ183,False,SpiceJet,CCU,DEL,CCU-DEL,2026-04-18 17:44:41.703,2026-04-18 19:40:41.703,116.0,False,clean,False
SJ151,SJ151,False,SpiceJet,BOM,CCU,BOM-CCU,2026-04-18 17:44:41.702,2026-04-18 19:16:41.702,92.0,False,clean,False
SJ071,SJ071,False,SpiceJet,CCU,MAA,CCU-MAA,2026-04-18 17:43:41.701,2026-04-18 19:32:41.701,109.0,False,clean,False
SJ102,SJ102,False,SpiceJet,MAA,CCU,MAA-CCU,2026-04-18 17:26:41.702,2026-04-18 18:58:41.702,92.0,False,clean,False
AI209,AI209,False,Air India,BLR,CCU,BLR-CCU,2026-04-18 17:25:41.703,2026-04-18 18:37:41.703,72.0,False,clean,False
6F111,6F111,False,IndiGo,HYD,DEL,HYD-DEL,2026-04-18 17:09:41.702,2026-04-18 20:02:41.702,173.0,False,clean,False
AI050,AI050,False,Air India,BLR,BOM,BLR-BOM,2026-04-18 17:07:41.701,2026-04-18 19:42:41.701,155.0,False,clean,False
SJ189,SJ189,False,SpiceJet,HYD,BLR,HYD-BLR,2026-04-18 17:05:41.703,2026-04-18 22:01:41.703,296.0,False,clean,False
UK112,UK112,False,Vistara,CCU,DEL,CCU-DEL,2026-04-18 17:05:41.702,2026-04-18 19:47:41.702,162.0,False,clean,False
6F171,6F171,False,IndiGo,DEL,BLR,DEL-BLR,2026-04-18 17:03:41.703,2026-04-18 18:12:41.703,69.0,False,clean,False
AI011,AI011,False,Air India,CCU,BOM,CCU-BOM,2026-04-18 16:58:41.701,2026-04-18 21:01:41.701,243.0,False,clean,False
6F027,6F027,False,IndiGo,BLR,DEL,BLR-DEL,2026-04-18 16:52:41.701,2026-04-18 18:21:41.701,89.0,False,clean,False
UK082,UK082,False,Vistara,DEL,BOM,DEL-BOM,2026-04-18 16:50:41.702,2026-04-18 21:21:41.702,271.0,False,clean,False
UK138,UK138,False,Vistara,DEL,BLR,DEL-BLR,2026-04-18 16:47:41.703,2026-04-18 19:36:41.703,169.0,False,clean,False
UK198,UK198,False,Vistara,DEL,BLR,DEL-BLR,2026-04-18 16:43:41.703,2026-04-18 18:18:41.703,95.0,False,clean,False
6F039,6F039,False,IndiGo,MAA,CCU,MAA-CCU,2026-04-18 16:43:41.701,2026-04-18 21:01:41.701,258.0,False,clean,False
6F157,6F157,False,IndiGo,MAA,CCU,MAA-CCU,2026-04-18 16:37:41.703,2026-04-18 18:04:41.703,87.0,False,clean,False
SJ024,SJ024,False,SpiceJet,DEL,MAA,DEL-MAA,2026-04-18 16:29:41.701,2026-04-18 20:21:41.701,232.0,False,clean,False
6F167,6F167,False,IndiGo,BLR,BOM,BLR-BOM,2026-04-18 16:26:41.703,2026-04-18 17:50:41.703,84.0,False,clean,False
AI197,AI197,False,Air India,BOM,CCU,BOM-CCU,2026-04-18 16:25:41.703,2026-04-18 20:00:41.703,215.0,False,clean,False
SJ211,SJ211,False,SpiceJet,MAA,BOM,MAA-BOM,2026-04-18 16:22:41.703,2026-04-18 18:34:41.703,132.0,False,clean,False
6F055,6F055,False,IndiGo,DEL,CCU,DEL-CCU,2026-04-18 16:21:41.701,2026-04-18 18:49:41.701,148.0,False,clean,False
AI253,AI253,False,Air India,BLR,BOM,BLR-BOM,2026-04-18 16:13:41.704,2026-04-18 19:51:41.704,218.0,False,clean,False
UK060,UK060,False,Vistara,BLR,CCU,BLR-CCU,2026-04-18 16:09:41.701,2026-04-18 19:42:41.701,213.0,False,clean,False
6F257,6F257,False,IndiGo,MAA,CCU,MAA-CCU,2026-04-18 16:04:41.704,2026-04-18 19:55:41.704,231.0,False,clean,False
SJ135,SJ135,False,SpiceJet,MAA,CCU,MAA-CCU,2026-04-18 16:03:41.702,2026-04-18 19:48:41.702,225.0,False,clean,False
AI247,AI247,False,Air India,BOM,CCU,BOM-CCU,2026-04-18 15:58:41.704,2026-04-18 19:02:41.704,184.0,False,clean,False
UK127,UK127,False,Vistara,BOM,HYD,BOM-HYD,2026-04-18 15:56:41.702,2026-04-18 20:00:41.702,244.0,False,clean,False
AI109,AI109,False,Air India,BLR,BOM,BLR-BOM,2026-04-18 15:53:41.702,2026-04-18 20:14:41.702,261.0,False,clean,False
AI057,AI057,False,Air India,BOM,CCU,BOM-CCU,2026-04-18 15:53:41.701,2026-04-18 19:22:41.701,209.0,False,clean,False
6F103,6F103,False,IndiGo,CCU,MAA,CCU-MAA,2026-04-18 15:37:41.702,2026-04-18 18:32:41.702,175.0,False,clean,False
SJ144,SJ144,False,SpiceJet,BLR,BOM,BLR-BOM,2026-04-18 15:35:41.702,2026-04-18 19:12:41.702,217.0,False,clean,False
6F076,6F076,False,IndiGo,CCU,HYD,CCU-HYD,2026-04-18 15:35:41.702,2026-04-18 16:20:41.702,45.0,False,clean,False
6F240,6F240,False,IndiGo,DEL,HYD,DEL-HYD,2026-04-18 15:31:41.704,2026-04-18 19:56:41.704,265.0,False,clean,False
UK057,UK057,False,Vistara,CCU,DEL,CCU-DEL,2026-04-18 15:25:41.701,2026-04-18 20:04:41.701,279.0,False,clean,False
AI201,AI201,False,Air India,BLR,CCU,BLR-CCU,2026-04-18 15:19:41.703,2026-04-18 16:40:41.703,81.0,False,clean,False
SJ242,SJ242,False,SpiceJet,BLR,HYD,BLR-HYD,2026-04-18 14:55:41.704,2026-04-18 17:42:41.704,167.0,False,clean,False
6F037,6F037,False,IndiGo,BOM,MAA,BOM-MAA,2026-04-18 14:51:41.701,2026-04-18 17:23:41.701,152.0,False,clean,False
SJ132,SJ132,False,SpiceJet,MAA,DEL,MAA-DEL,2026-04-18 14:44:41.702,2026-04-18 15:36:41.702,52.0,False,clean,False
AI055,AI055,False,Air India,CCU,BOM,CCU-BOM,2026-04-18 14:39:41.701,2026-04-18 16:18:41.701,99.0,False,clean,False
6F252,6F252,False,IndiGo,MAA,BLR,MAA-BLR,2026-04-18 14:25:41.701,2026-04-18 18:52:41.701,267.0,False,clean,False
AI183,AI183,False,Air India,DEL,CCU,DEL-CCU,2026-04-18 14:24:41.703,2026-04-18 16:06:41.703,102.0,False,clean,False
SJ125,SJ125,False,SpiceJet,DEL,BLR,DEL-BLR,2026-04-18 14:21:41.702,2026-04-18 16:55:41.702,154.0,False,clean,False
SJ087,SJ087,False,SpiceJet,BOM,DEL,BOM-DEL,2026-04-18 14:20:41.702,2026-04-18 19:09:41.702,289.0,False,clean,False
UK182,UK182,False,Vistara,HYD,CCU,HYD-CCU,2026-04-18 14:19:41.703,2026-04-18 18:25:41.703,246.0,False,clean,False
AI016,AI016,False,Air India,BOM,CCU,BOM-CCU,2026-04-18 14:15:41.701,2026-04-18 18:38:41.701,263.0,False,clean,False
6F107,6F107,False,IndiGo,CCU,BLR,CCU-BLR,2026-04-18 14:14:41.702,2026-04-18 17:14:42.000,180.0049666666667,False,clean,False
AI026,AI026,False,Air India,DEL,BOM,DEL-BOM,2026-04-18 14:14:41.701,2026-04-18 15:13:41.701,59.0,False,clean,False
AI177,AI177,False,Air India,CCU,HYD,CCU-HYD,2026-04-18 14:11:41.703,2026-04-18 16:26:41.703,135.0,False,clean,False
AI041,AI041,False,Air India,BOM,BLR,BOM-BLR,2026-04-18 14:08:41.701,2026-04-18 15:59:41.701,111.0,False,clean,False
6F264,6F264,False,IndiGo,DEL,HYD,DEL-HYD,2026-04-18 14:03:41.701,2026-04-18 18:23:41.701,260.0,False,clean,False
6F222,6F222,False,IndiGo,HYD,MAA,HYD-MAA,2026-04-18 14:01:41.704,2026-04-18 16:11:41.704,130.0,False,clean,False
AI004,AI004,False,Air India,HYD,MAA,HYD-MAA,2026-04-18 13:58:41.701,2026-04-18 18:12:41.701,254.0,False,clean,False
SJ126,SJ126,False,SpiceJet,DEL,BLR,DEL-BLR,2026-04-18 13:47:41.702,2026-04-18 16:31:41.702,164.0,False,clean,False
SJ220,SJ220,False,SpiceJet,BOM,CCU,BOM-CCU,2026-04-18 13:45:41.703,2026-04-18 15:21:41.703,96.0,False,clean,False
AI204,AI204,False,Air India,CCU,MAA,CCU-MAA,2026-04-18 13:40:41.703,2026-04-18 18:38:41.703,298.0,False,clean,False
UK098,UK098,False,Vistara,CCU,DEL,CCU-DEL,2026-04-18 13:38:41.702,2026-04-18 17:54:41.702,256.0,False,clean,False
AI090,AI090,False,Air India,MAA,CCU,MAA-CCU,2026-04-18 13:37:41.702,2026-04-18 16:11:41.702,154.0,False,clean,False
AI092,AI092,False,Air India,CCU,BOM,CCU-BOM,2026-04-18 13:36:41.702,2026-04-18 16:20:41.702,164.0,False,clean,False
AI049,AI049,False,Air India,CCU,MAA,CCU-MAA,2026-04-18 13:35:41.701,2026-04-18 15:48:41.701,133.0,False,clean,False
UK117,UK117,False,Vistara,BLR,BOM,BLR-BOM,2026-04-18 13:17:41.702,2026-04-18 16:54:41.702,217.0,False,clean,False
6F227,6F227,False,IndiGo,MAA,BOM,MAA-BOM,2026-04-18 13:16:41.704,2026-04-18 17:41:41.704,265.0,False,clean,False
AI228,AI228,False,Air India,BLR,BOM,BLR-BOM,2026-04-18 13:16:41.703,2026-04-18 17:44:41.703,268.0,False,clean,False
SJ164,SJ164,False,SpiceJet,CCU,MAA,CCU-MAA,2026-04-18 13:14:41.703,2026-04-18 15:14:42.000,120.00495,False,clean,False
AI018,AI018,False,Air India,BOM,CCU,BOM-CCU,2026-04-18 13:12:41.701,2026-04-18 18:04:41.701,292.0,False,clean,False
UK192,UK192,False,Vistara,HYD,DEL,HYD-DEL,2026-04-18 12:54:41.703,2026-04-18 13:54:42.000,60.00495,False,clean,False
SJ224,SJ224,False,SpiceJet,DEL,MAA,DEL-MAA,2026-04-18 12:41:41.703,2026-04-18 15:33:41.703,172.0,False,clean,False
UK050,UK050,False,Vistara,BOM,DEL,BOM-DEL,2026-04-18 12:39:41.701,2026-04-18 13:18:41.701,39.0,False,clean,False
SJ159,SJ159,False,SpiceJet,CCU,DEL,CCU-DEL,2026-04-18 12:22:41.703,2026-04-18 14:05:41.703,103.0,False,clean,False
UK038,UK038,False,Vistara,MAA,CCU,MAA-CCU,2026-04-18 12:22:41.701,2026-04-18 15:31:41.701,189.0,False,clean,False
6F192,6F192,False,IndiGo,CCU,BLR,CCU-BLR,2026-04-18 12:20:41.703,2026-04-18 16:45:41.703,265.0,False,clean,False
6F173,6F173,False,IndiGo,BOM,CCU,BOM-CCU,2026-04-18 12:19:41.703,2026-04-18 13:08:41.703,49.0,False,clean,False
AI185,AI185,False,Air India,CCU,BOM,CCU-BOM,2026-04-18 12:16:41.703,2026-04-18 16:18:41.703,242.0,False,clean,False
SJ152,SJ152,False,SpiceJet,BOM,DEL,BOM-DEL,2026-04-18 12:09:41.702,2026-04-18 13:50:41.702,101.0,False,clean,False
AI215,AI215,False,Air India,BLR,DEL,BLR-DEL,2026-04-18 12:07:41.703,2026-04-18 13:43:41.703,96.0,False,clean,False
AI074,AI074,False,Air India,CCU,BOM,CCU-BOM,2026-04-18 12:03:41.702,2026-04-18 12:50:41.702,47.0,False,clean,False
6F109,6F109,False,IndiGo,BLR,BOM,BLR-BOM,2026-04-18 12:00:41.702,2026-04-18 12:51:41.702,51.0,False,clean,False
6F144,6F144,False,IndiGo,HYD,BOM,HYD-BOM,2026-04-18 11:56:41.702,2026-04-18 15:11:41.702,195.0,False,clean,False
6F210,6F210,False,IndiGo,HYD,DEL,HYD-DEL,2026-04-18 11:51:41.703,2026-04-18 15:58:41.703,247.0,False,clean,False
SJ111,SJ111,False,SpiceJet,DEL,MAA,DEL-MAA,2026-04-18 11:47:41.702,2026-04-18 12:59:41.702,72.0,False,clean,False
UK092,UK092,False,Vistara,MAA,BLR,MAA-BLR,2026-04-18 11:42:41.702,2026-04-18 13:17:41.702,95.0,False,clean,False
UK009,UK009,False,Vistara,BOM,DEL,BOM-DEL,2026-04-18 11:34:41.701,2026-04-18 13:41:41.701,127.0,False,clean,False
AI170,AI170,False,Air India,HYD,DEL,HYD-DEL,2026-04-18 11:27:41.703,2026-04-18 15:50:41.703,263.0,False,clean,False
6F154,6F154,False,IndiGo,CCU,DEL,CCU-DEL,2026-04-18 11:26:41.703,2026-04-18 12:23:41.703,57.0,False,clean,False
6F161,6F161,False,IndiGo,MAA,DEL,MAA-DEL,2026-04-18 11:24:41.703,2026-04-18 12:21:41.703,57.0,False,clean,False
UK128,UK128,False,Vistara,BOM,CCU,BOM-CCU,2026-04-18 11:22:41.702,2026-04-18 14:11:41.702,169.0,False,clean,False
AI186,AI186,False,Air India,DEL,BOM,DEL-BOM,2026-04-18 11:11:41.703,2026-04-18 13:05:41.703,114.0,False,clean,False
AI099,AI099,False,Air India,BLR,BOM,BLR-BOM,2026-04-18 11:07:41.702,2026-04-18 13:29:41.702,142.0,False,clean,False
6F203,6F203,False,IndiGo,BLR,HYD,BLR-HYD,2026-04-18 11:05:41.703,2026-04-18 12:56:41.703,111.0,False,clean,False
UK139,UK139,False,Vistara,BLR,MAA,BLR-MAA,2026-04-18 10:54:41.703,2026-04-18 14:31:41.703,217.0,False,clean,False
SJ008,SJ008,False,SpiceJet,HYD,BLR,HYD-BLR,2026-04-18 10:53:41.701,2026-04-18 15:48:41.701,295.0,False,clean,False
AI171,AI171,False,Air India,MAA,BLR,MAA-BLR,2026-04-18 10:51:41.703,2026-04-18 13:34:41.703,163.0,False,clean,False
6F124,6F124,False,IndiGo,BLR,BOM,BLR-BOM,2026-04-18 10:47:41.702,2026-04-18 15:21:41.702,274.0,False,clean,False
6F137,6F137,False,IndiGo,CCU,DEL,CCU-DEL,2026-04-18 10:45:41.702,2026-04-18 15:01:41.702,256.0,False,clean,False
AI008,AI008,False,Air India,BOM,CCU,BOM-CCU,2026-04-18 10:43:41.701,2026-04-18 12:43:42.000,120.00498333333333,False,clean,False
SJ140,SJ140,False,SpiceJet,HYD,DEL,HYD-DEL,2026-04-18 10:42:41.702,2026-04-18 14:30:41.702,228.0,False,clean,False
UK016,UK016,False,Vistara,DEL,CCU,DEL-CCU,2026-04-18 10:42:41.701,2026-04-18 11:22:41.701,40.0,False,clean,False
AI127,AI127,False,Air India,DEL,HYD,DEL-HYD,2026-04-18 10:37:41.702,2026-04-18 13:45:41.702,188.0,False,clean,False
SJ096,SJ096,False,SpiceJet,DEL,HYD,DEL-HYD,2026-04-18 10:29:41.702,2026-04-18 13:45:41.702,196.0,False,clean,False
6F048,6F048,False,IndiGo,HYD,DEL,HYD-DEL,2026-04-18 10:27:41.701,2026-04-18 11:18:41.701,51.0,False,clean,False
SJ090,SJ090,False,SpiceJet,HYD,MAA,HYD-MAA,2026-04-18 10:24:41.702,2026-04-18 13:11:41.702,167.0,False,clean,False
AI014,AI014,False,Air India,HYD,MAA,HYD-MAA,2026-04-18 10:24:41.701,2026-04-18 13:51:41.701,207.0,False,clean,False
6F131,6F131,False,IndiGo,BLR,HYD,BLR-HYD,2026-04-18 10:22:41.702,2026-04-18 14:20:41.702,238.0,False,clean,False
AI130,AI130,False,Air India,BOM,BLR,BOM-BLR,2026-04-18 10:18:41.702,2026-04-18 12:59:41.702,161.0,False,clean,False
UK151,UK151,False,Vistara,BOM,CCU,BOM-CCU,2026-04-18 10:11:41.703,2026-04-18 13:30:41.703,199.0,False,clean,False
6F165,6F165,False,IndiGo,BLR,BOM,BLR-BOM,2026-04-18 10:11:41.703,2026-04-18 11:09:41.703,58.0,False,clean,False
UK161,UK161,False,Vistara,BLR,BOM,BLR-BOM,2026-04-18 10:05:41.703,2026-04-18 12:48:41.703,163.0,False,clean,False
AI107,AI107,False,Air India,HYD,CCU,HYD-CCU,2026-04-18 10:03:41.702,2026-04-18 10:49:41.702,46.0,False,clean,False
SJ104,SJ104,False,SpiceJet,HYD,DEL,HYD-DEL,2026-04-18 10:00:41.702,2026-04-18 11:00:42.000,60.00496666666666,False,clean,False
AI042,AI042,False,Air India,CCU,DEL,CCU-DEL,2026-04-18 09:53:41.701,2026-04-18 10:57:41.701,64.0,False,clean,False
6F266,6F266,False,IndiGo,CCU,MAA,CCU-MAA,2026-04-18 09:49:41.703,2026-04-18 11:17:41.703,88.0,False,clean,False
6F138,6F138,False,IndiGo,HYD,BLR,HYD-BLR,2026-04-18 09:49:41.702,2026-04-18 12:53:41.702,184.0,False,clean,False
SJ219,SJ219,False,SpiceJet,BOM,DEL,BOM-DEL,2026-04-18 09:32:41.703,2026-04-18 14:09:41.703,277.0,False,clean,False
UK197,UK197,False,Vistara,BLR,HYD,BLR-HYD,2026-04-18 09:22:41.703,2026-04-18 10:54:41.703,92.0,False,clean,False
6F119,6F119,False,IndiGo,DEL,BOM,DEL-BOM,2026-04-18 09:19:41.702,2026-04-18 11:33:41.702,134.0,False,clean,False
SJ058,SJ058,False,SpiceJet,DEL,HYD,DEL-HYD,2026-04-18 08:58:41.701,2026-04-18 13:14:41.701,256.0,False,clean,False
AI218,AI218,False,Air India,BOM,CCU,BOM-CCU,2026-04-18 08:55:41.703,2026-04-18 11:55:41.703,180.0,False,clean,False
SJ060,SJ060,False,SpiceJet,HYD,CCU,HYD-CCU,2026-04-18 08:51:41.701,2026-04-18 13:46:41.701,295.0,False,clean,False
UK121,UK121,False,Vistara,BLR,BOM,BLR-BOM,2026-04-18 08:36:41.702,2026-04-18 12:36:41.702,240.0,False,clean,False
6F208,6F208,False,IndiGo,CCU,BOM,CCU-BOM,2026-04-18 08:27:41.703,2026-04-18 11:34:41.703,187.0,False,clean,False
6F153,6F153,False,IndiGo,CCU,BLR,CCU-BLR,2026-04-18 08:23:41.703,2026-04-18 12:20:41.703,237.0,False,clean,False
AI117,AI117,False,Air India,HYD,BLR,HYD-BLR,2026-04-18 08:18:41.702,2026-04-18 10:09:41.702,111.0,False,clean,False
SJ113,SJ113,False,SpiceJet,BLR,BOM,BLR-BOM,2026-04-18 08:10:41.702,2026-04-18 10:10:42.000,120.00496666666666,False,clean,False
AI191,AI191,False,Air India,BLR,MAA,BLR-MAA,2026-04-18 07:57:41.703,2026-04-18 11:58:41.703,241.0,False,clean,False
6F267,6F267,False,IndiGo,DEL,MAA,DEL-MAA,2026-04-18 07:56:41.703,2026-04-18 11:49:41.703,233.0,False,clean,False
6F185,6F185,False,IndiGo,CCU,DEL,CCU-DEL,2026-04-18 07:49:41.703,2026-04-18 10:08:41.703,139.0,False,clean,False
AI114,AI114,False,Air India,CCU,DEL,CCU-DEL,2026-04-18 07:48:41.702,2026-04-18 09:03:41.702,75.0,False,clean,False
6F155,6F155,False,IndiGo,DEL,BLR,DEL-BLR,2026-04-18 07:47:41.703,2026-04-18 08:20:41.703,33.0,False,clean,False
UK045,UK045,False,Vistara,MAA,HYD,MAA-HYD,2026-04-18 07:43:41.701,2026-04-18 09:28:41.701,105.0,False,clean,False
AI111,AI111,False,Air India,MAA,CCU,MAA-CCU,2026-04-18 07:40:41.702,2026-04-18 10:39:41.702,179.0,False,clean,False
AI156,AI156,False,Air India,CCU,BOM,CCU-BOM,2026-04-18 07:39:41.703,2026-04-18 09:22:41.703,103.0,False,clean,False
SJ128,SJ128,False,SpiceJet,CCU,BLR,CCU-BLR,2026-04-18 07:39:41.702,2026-04-18 10:42:41.702,183.0,False,clean,False
AI104,AI104,False,Air India,MAA,HYD,MAA-HYD,2026-04-18 07:35:41.702,2026-04-18 09:20:41.702,105.0,False,clean,False
6F225,6F225,False,IndiGo,HYD,CCU,HYD-CCU,2026-04-18 07:33:41.704,2026-04-18 12:12:41.704,279.0,False,clean,False
6F033,6F033,False,IndiGo,DEL,HYD,DEL-HYD,2026-04-18 07:08:41.701,2026-04-18 09:08:41.701,120.0,False,clean,False
6F244,6F244,False,IndiGo,MAA,CCU,MAA-CCU,2026-04-18 07:07:41.704,2026-04-18 08:31:41.704,84.0,False,clean,False
UK137,UK137,False,Vistara,BOM,MAA,BOM-MAA,2026-04-18 07:04:41.703,2026-04-18 09:14:41.703,130.0,False,clean,False
AI063,AI063,False,Air India,HYD,BLR,HYD-BLR,2026-04-18 07:03:41.701,2026-04-18 11:26:41.701,263.0,False,clean,False
SJ156,SJ156,False,SpiceJet,BOM,DEL,BOM-DEL,2026-04-18 06:59:41.703,2026-04-18 07:34:41.703,35.0,False,clean,False
UK125,UK125,False,Vistara,HYD,BOM,HYD-BOM,2026-04-18 06:58:41.702,2026-04-18 11:44:41.702,286.0,False,clean,False
AI232,AI232,False,Air India,DEL,BLR,DEL-BLR,2026-04-18 06:43:41.704,2026-04-18 10:13:41.704,210.0,False,clean,False
AI167,AI167,False,Air India,BLR,DEL,BLR-DEL,2026-04-18 06:43:41.703,2026-04-18 11:10:41.703,267.0,False,clean,False
UK160,UK160,False,Vistara,BLR,BOM,BLR-BOM,2026-04-18 06:42:41.703,2026-04-18 10:58:41.703,256.0,False,clean,False
UK129,UK129,False,Vistara,HYD,MAA,HYD-MAA,2026-04-18 06:29:41.702,2026-04-18 07:29:42.000,60.00496666666666,False,clean,False
SJ230,SJ230,False,SpiceJet,BOM,CCU,BOM-CCU,2026-04-18 06:22:41.704,2026-04-18 10:57:41.704,275.0,False,clean,False
SJ056,SJ056,False,SpiceJet,HYD,DEL,HYD-DEL,2026-04-18 06:11:41.701,2026-04-18 07:10:41.701,59.0,False,clean,False
SJ137,SJ137,False,SpiceJet,CCU,DEL,CCU-DEL,2026-04-18 06:08:41.702,2026-04-18 10:14:41.702,246.0,False,clean,False
6F081,6F081,False,IndiGo,MAA,BLR,MAA-BLR,2026-04-18 06:04:41.702,2026-04-18 07:43:41.702,99.0,False,clean,False
6F088,6F088,False,IndiGo,CCU,BLR,CCU-BLR,2026-04-18 05:51:41.702,2026-04-18 08:22:41.702,151.0,False,clean,False
6F121,6F121,False,IndiGo,HYD,MAA,HYD-MAA,2026-04-18 05:44:41.702,2026-04-18 10:42:41.702,298.0,False,clean,False
UK214,UK214,False,Vistara,HYD,DEL,HYD-DEL,2026-04-18 05:30:41.704,2026-04-18 09:10:41.704,220.0,False,clean,False
6F060,6F060,False,IndiGo,DEL,BLR,DEL-BLR,2026-04-18 05:29:41.701,2026-04-18 07:29:42.000,120.00498333333333,False,clean,False
SJ101,SJ101,False,SpiceJet,CCU,DEL,CCU-DEL,2026-04-18 05:17:41.702,2026-04-18 06:57:41.702,100.0,False,clean,False
AI017,AI017,False,Air India,CCU,BOM,CCU-BOM,2026-04-18 05:15:41.701,2026-04-18 08:48:41.701,213.0,False,clean,False
6F120,6F120,False,IndiGo,BLR,BOM,BLR-BOM,2026-04-18 05:14:41.702,2026-04-18 06:14:41.702,60.0,False,clean,False
6F217,6F217,False,IndiGo,BLR,BOM,BLR-BOM,2026-04-18 05:13:41.704,2026-04-18 08:01:41.704,168.0,False,clean,False
AI194,AI194,False,Air India,MAA,BLR,MAA-BLR,2026-04-18 05:09:41.703,2026-04-18 09:38:41.703,269.0,False,clean,False
AI095,AI095,False,Air India,DEL,MAA,DEL-MAA,2026-04-18 05:00:41.702,2026-04-18 08:18:41.702,198.0,False,clean,False
SJ190,SJ190,False,SpiceJet,BOM,CCU,BOM-CCU,2026-04-18 04:57:41.703,2026-04-18 09:25:41.703,268.0,False,clean,False
6F139,6F139,False,IndiGo,HYD,MAA,HYD-MAA,2026-04-18 04:55:41.702,2026-04-18 08:17:41.702,202.0,False,clean,False
6F062,6F062,False,IndiGo,CCU,DEL,CCU-DEL,2026-04-18 04:55:41.701,2026-04-18 06:22:41.701,87.0,False,clean,False
UK011,UK011,False,Vistara,CCU,DEL,CCU-DEL,2026-04-18 04:41:41.701,2026-04-18 06:25:41.701,104.0,False,clean,False
6F100,6F100,False,IndiGo,BOM,BLR,BOM-BLR,2026-04-18 04:40:41.702,2026-04-18 07:49:41.702,189.0,False,clean,False
6F228,6F228,False,IndiGo,HYD,MAA,HYD-MAA,2026-04-18 04:36:41.704,2026-04-18 09:27:41.704,291.0,False,clean,False
UK033,UK033,False,Vistara,HYD,DEL,HYD-DEL,2026-04-18 04:34:41.701,2026-04-18 09:18:41.701,284.0,False,clean,False
SJ231,SJ231,False,SpiceJet,DEL,BLR,DEL-BLR,2026-04-18 04:23:41.704,2026-04-18 05:48:41.704,85.0,False,clean,False
AI166,AI166,False,Air India,BOM,CCU,BOM-CCU,2026-04-18 04:20:41.703,2026-04-18 07:23:41.703,183.0,False,clean,False
SJ176,SJ176,False,SpiceJet,DEL,BOM,DEL-BOM,2026-04-18 04:15:41.703,2026-04-18 06:17:41.703,122.0,False,clean,False
SJ065,SJ065,False,SpiceJet,MAA,BLR,MAA-BLR,2026-04-18 04:10:41.701,2026-04-18 06:54:41.701,164.0,False,clean,False
6F160,6F160,False,IndiGo,MAA,BLR,MAA-BLR,2026-04-18 04:09:41.703,2026-04-18 08:26:41.703,257.0,False,clean,False
AI089,AI089,False,Air India,CCU,BOM,CCU-BOM,2026-04-18 04:05:41.702,2026-04-18 04:47:41.702,42.0,False,clean,False
UK226,UK226,False,Vistara,MAA,HYD,MAA-HYD,2026-04-18 03:58:41.704,2026-04-18 05:01:41.704,63.0,False,clean,False
SJ123,SJ123,False,SpiceJet,BOM,CCU,BOM-CCU,2026-04-18 03:57:41.702,2026-04-18 05:25:41.702,88.0,False,clean,False
AI054,AI054,False,Air India,HYD,CCU,HYD-CCU,2026-04-18 03:44:41.701,2026-04-18 08:10:41.701,266.0,False,clean,False
UK019,UK019,False,Vistara,BOM,HYD,BOM-HYD,2026-04-18 03:41:41.701,2026-04-18 04:35:41.701,54.0,False,clean,False
UK032,UK032,False,Vistara,BLR,BOM,BLR-BOM,2026-04-18 03:31:41.701,2026-04-18 07:28:41.701,237.0,False,clean,False
SJ100,SJ100,False,SpiceJet,MAA,BLR,MAA-BLR,2026-04-18 03:28:41.702,2026-04-18 06:50:41.702,202.0,False,clean,False
SJ094,SJ094,False,SpiceJet,MAA,HYD,MAA-HYD,2026-04-18 03:23:41.702,2026-04-18 08:07:41.702,284.0,False,clean,False
6F101,6F101,False,IndiGo,BOM,MAA,BOM-MAA,2026-04-18 03:18:41.702,2026-04-18 08:15:41.702,297.0,False,clean,False
6F006,6F006,False,IndiGo,BOM,BLR,BOM-BLR,2026-04-18 03:06:41.701,2026-04-18 05:06:42.000,120.00498333333333,False,clean,False
AI006,AI006,False,Air India,BOM,BLR,BOM-BLR,2026-04-18 03:04:41.701,2026-04-18 05:54:41.701,170.0,False,clean,False
AI195,AI195,False,Air India,CCU,MAA,CCU-MAA,2026-04-18 02:58:41.703,2026-04-18 04:57:41.703,119.0,False,clean,False
UK072,UK072,False,Vistara,BOM,BLR,BOM-BLR,2026-04-18 02:55:41.702,2026-04-18 05:55:42.000,180.0049666666667,False,clean,False
AI244,AI244,False,Air India,BLR,BOM,BLR-BOM,2026-04-18 02:50:41.704,2026-04-18 03:25:41.704,35.0,False,clean,False
SJ059,SJ059,False,SpiceJet,CCU,DEL,CCU-DEL,2026-04-18 02:50:41.701,2026-04-18 04:06:41.701,76.0,False,clean,False
SJ009,SJ009,False,SpiceJet,CCU,BLR,CCU-BLR,2026-04-18 02:48:41.701,2026-04-18 04:23:41.701,95.0,False,clean,False
AI121,AI121,False,Air India,HYD,MAA,HYD-MAA,2026-04-18 02:42:41.702,2026-04-18 06:11:41.702,209.0,False,clean,False
6F265,6F265,False,IndiGo,DEL,HYD,DEL-HYD,2026-04-18 02:27:41.703,2026-04-18 03:24:41.703,57.0,False,clean,False
6F110,6F110,False,IndiGo,HYD,DEL,HYD-DEL,2026-04-18 02:27:41.702,2026-04-18 05:48:41.702,201.0,False,clean,False
UK018,UK018,False,Vistara,BOM,CCU,BOM-CCU,2026-04-18 02:15:41.701,2026-04-18 04:08:41.701,113.0,False,clean,False
6F072,6F072,False,IndiGo,BLR,CCU,BLR-CCU,2026-04-18 02:14:41.702,2026-04-18 03:11:41.702,57.0,False,clean,False
6F159,6F159,False,IndiGo,CCU,BOM,CCU-BOM,2026-04-18 02:08:41.703,2026-04-18 02:43:41.703,35.0,False,clean,False
6F095,6F095,False,IndiGo,BLR,MAA,BLR-MAA,2026-04-18 01:53:41.702,2026-04-18 05:34:41.702,221.0,False,clean,False
SJ129,SJ129,False,SpiceJet,CCU,BOM,CCU-BOM,2026-04-18 01:48:41.702,2026-04-18 05:48:41.702,240.0,False,clean,False
UK039,UK039,False,Vistara,HYD,BOM,HYD-BOM,2026-04-18 01:40:41.701,2026-04-18 02:53:41.701,73.0,False,clean,False
6F130,6F130,False,IndiGo,DEL,HYD,DEL-HYD,2026-04-18 01:27:41.702,2026-04-18 02:45:41.702,78.0,False,clean,False
6F247,6F247,False,IndiGo,DEL,HYD,DEL-HYD,2026-04-18 01:27:41.702,2026-04-18 02:45:41.702,78.0,False,clean,False
SJ233,SJ233,False,SpiceJet,DEL,HYD,DEL-HYD,2026-04-18 01:18:41.704,2026-04-18 02:56:41.704,98.0,False,clean,False
6F231,6F231,False,IndiGo,HYD,MAA,HYD-MAA,2026-04-18 01:16:41.704,2026-04-18 05:43:41.704,267.0,False,clean,False
AI125,AI125,False,Air India,CCU,DEL,CCU-DEL,2026-04-18 01:12:41.702,2026-04-18 04:51:41.702,219.0,False,clean,False
6F102,6F102,False,IndiGo,HYD,MAA,HYD-MAA,2026-04-18 01:10:41.702,2026-04-18 02:24:41.702,74.0,False,clean,False
UK078,UK078,False,Vistara,BOM,HYD,BOM-HYD,2026-04-18 01:03:41.702,2026-04-18 04:32:41.702,209.0,False,clean,False
UK043,UK043,False,Vistara,DEL,HYD,DEL-HYD,2026-04-18 00:48:41.701,2026-04-18 04:52:41.701,244.0,False,clean,False
AI144,AI144,False,Air India,MAA,BOM,MAA-BOM,2026-04-18 00:43:41.702,2026-04-18 03:36:41.702,173.0,False,clean,False
UK054,UK054,False,Vistara,BLR,BOM,BLR-BOM,2026-04-18 00:37:41.701,2026-04-18 05:30:41.701,293.0,False,clean,False
UK108,UK108,False,Vistara,DEL,BLR,DEL-BLR,2026-04-18 00:28:41.702,2026-04-18 03:46:41.702,198.0,False,clean,False
6F008,6F008,False,IndiGo,DEL,BOM,DEL-BOM,2026-04-18 00:14:41.701,2026-04-18 04:59:41.701,285.0,False,clean,False
6F106,6F106,False,IndiGo,BOM,CCU,BOM-CCU,2026-04-18 00:10:41.702,2026-04-18 01:52:41.702,102.0,False,clean,False
AI203,AI203,False,Air India,BOM,CCU,BOM-CCU,2026-04-18 00:09:41.703,2026-04-18 02:56:41.703,167.0,False,clean,False
AI065,AI065,False,Air India,MAA,BLR,MAA-BLR,2026-04-18 00:09:41.701,2026-04-18 05:00:41.701,291.0,False,clean,False
UK053,UK053,False,Vistara,BLR,BOM,BLR-BOM,2026-04-17 23:56:41.701,2026-04-18 02:46:41.701,170.0,True,clean,False
UK086,UK086,False,Vistara,CCU,BLR,CCU-BLR,2026-04-17 23:55:41.702,2026-04-18 02:27:41.702,152.0,True,clean,False
SJ223,SJ223,False,SpiceJet,HYD,MAA,HYD-MAA,2026-04-17 23:54:41.703,2026-04-18 01:08:41.703,74.0,True,clean,False
6F069,6F069,False,IndiGo,MAA,BLR,MAA-BLR,2026-04-17 23:44:41.701,2026-04-18 03:17:41.701,213.0,True,clean,False
6F032,6F032,False,IndiGo,DEL,BOM,DEL-BOM,2026-04-17 23:43:41.701,2026-04-18 02:22:41.701,159.0,True,clean,False
UK178,UK178,False,Vistara,DEL,BLR,DEL-BLR,2026-04-17 23:41:41.703,2026-04-18 04:09:41.703,268.0,True,clean,False
6F108,6F108,False,IndiGo,DEL,HYD,DEL-HYD,2026-04-17 23:41:41.702,2026-04-18 03:23:41.702,222.0,True,clean,False
UK147,UK147,False,Vistara,CCU,DEL,CCU-DEL,2026-04-17 23:35:41.703,2026-04-18 02:55:41.703,200.0,True,clean,False
AI187,AI187,False,Air India,BLR,HYD,BLR-HYD,2026-04-17 23:32:41.703,2026-04-18 01:16:41.703,104.0,True,clean,False
UK213,UK213,False,Vistara,BOM,CCU,BOM-CCU,2026-04-17 23:21:41.704,2026-04-18 01:01:41.704,100.0,True,clean,False
AI035,AI035,False,Air India,DEL,MAA,DEL-MAA,2026-04-17 23:17:41.701,2026-04-18 00:48:41.701,91.0,True,clean,False
UK186,UK186,False,Vistara,BOM,BLR,BOM-BLR,2026-04-17 23:05:41.703,2026-04-18 02:22:41.703,197.0,True,clean,False
6F045,6F045,False,IndiGo,BOM,HYD,BOM-HYD,2026-04-17 23:04:41.701,2026-04-18 03:38:41.701,274.0,True,clean,False
UK025,UK025,False,Vistara,DEL,BOM,DEL-BOM,2026-04-17 22:55:41.701,2026-04-18 02:47:41.701,232.0,True,clean,False
UK162,UK162,False,Vistara,BOM,CCU,BOM-CCU,2026-04-17 22:47:41.703,2026-04-18 00:21:41.703,94.0,True,clean,False
AI157,AI157,False,Air India,BLR,CCU,BLR-CCU,2026-04-17 22:45:41.703,2026-04-18 01:33:41.703,168.0,True,clean,False
6F096,6F096,False,IndiGo,MAA,BLR,MAA-BLR,2026-04-17 22:45:41.702,2026-04-18 02:58:41.702,253.0,True,clean,False
SJ229,SJ229,False,SpiceJet,CCU,DEL,CCU-DEL,2026-04-17 22:25:41.704,2026-04-18 00:27:41.704,122.0,True,clean,False
AI214,AI214,False,Air India,CCU,DEL,CCU-DEL,2026-04-17 22:23:41.703,2026-04-18 02:49:41.703,266.0,True,clean,False
6F205,6F205,False,IndiGo,HYD,BOM,HYD-BOM,2026-04-17 22:16:41.703,2026-04-18 00:02:41.703,106.0,True,clean,False
SJ157,SJ157,False,SpiceJet,DEL,HYD,DEL-HYD,2026-04-17 22:11:41.703,2026-04-18 01:05:41.703,174.0,True,clean,False
UK114,UK114,False,Vistara,HYD,CCU,HYD-CCU,2026-04-17 22:10:41.702,2026-04-17 23:58:41.702,108.0,False,clean,False
6F054,6F054,False,IndiGo,HYD,BLR,HYD-BLR,2026-04-17 22:00:41.701,2026-04-18 01:25:41.701,205.0,True,clean,False
6F216,6F216,False,IndiGo,BLR,DEL,BLR-DEL,2026-04-17 21:58:41.704,2026-04-18 02:51:41.704,293.0,True,clean,False
AI231,AI231,False,Air India,DEL,HYD,DEL-HYD,2026-04-17 21:52:41.704,2026-04-17 23:51:41.704,119.0,False,clean,False
UK103,UK103,False,Vistara,MAA,DEL,MAA-DEL,2026-04-17 21:52:41.702,2026-04-18 01:06:41.702,194.0,True,clean,False
AI066,AI066,False,Air India,HYD,MAA,HYD-MAA,2026-04-17 21:51:41.701,2026-04-18 00:11:41.701,140.0,True,clean,False
6F186,6F186,False,IndiGo,HYD,BOM,HYD-BOM,2026-04-17 21:48:41.703,2026-04-18 02:02:41.703,254.0,True,clean,False
AI021,AI021,False,Air India,DEL,HYD,DEL-HYD,2026-04-17 21:39:41.701,2026-04-18 01:38:41.701,239.0,True,clean,False
AI113,AI113,False,Air India,CCU,HYD,CCU-HYD,2026-04-17 21:21:41.702,2026-04-17 23:51:41.702,150.0,False,clean,False
SJ031,SJ031,False,SpiceJet,DEL,BOM,DEL-BOM,2026-04-17 21:20:41.701,2026-04-17 22:29:41.701,69.0,False,clean,False
UK217,UK217,False,Vistara,MAA,CCU,MAA-CCU,2026-04-17 21:19:41.704,2026-04-17 22:14:41.704,55.0,False,clean,False
SJ120,SJ120,False,SpiceJet,MAA,BLR,MAA-BLR,2026-04-17 21:19:41.702,2026-04-18 00:56:41.702,217.0,True,clean,False
UK180,UK180,False,Vistara,CCU,MAA,CCU-MAA,2026-04-17 21:18:41.703,2026-04-17 23:29:41.703,131.0,False,clean,False
6F242,6F242,False,IndiGo,BLR,MAA,BLR-MAA,2026-04-17 21:10:41.704,2026-04-18 01:04:41.704,234.0,True,clean,False
UK080,UK080,False,Vistara,BLR,MAA,BLR-MAA,2026-04-17 21:09:41.702,2026-04-17 22:29:41.702,80.0,False,clean,False
SJ124,SJ124,False,SpiceJet,HYD,DEL,HYD-DEL,2026-04-17 21:05:41.702,2026-04-18 01:12:41.702,247.0,True,clean,False
SJ115,SJ115,False,SpiceJet,BOM,HYD,BOM-HYD,2026-04-17 21:05:41.702,2026-04-17 23:10:41.702,125.0,False,clean,False
AI081,AI081,False,Air India,CCU,BOM,CCU-BOM,2026-04-17 21:03:41.702,2026-04-17 22:51:41.702,108.0,False,clean,False
AI142,AI142,False,Air India,BOM,DEL,BOM-DEL,2026-04-17 20:49:41.702,2026-04-17 23:03:41.702,134.0,False,clean,False
UK052,UK052,False,Vistara,BLR,CCU,BLR-CCU,2026-04-17 20:48:41.701,2026-04-17 21:40:41.701,52.0,False,clean,False
UK014,UK014,False,Vistara,HYD,MAA,HYD-MAA,2026-04-17 20:41:41.701,2026-04-17 22:06:41.701,85.0,False,clean,False
AI230,AI230,False,Air India,CCU,BLR,CCU-BLR,2026-04-17 20:37:41.704,2026-04-18 00:22:41.704,225.0,True,clean,False
6F268,6F268,False,IndiGo,DEL,MAA,DEL-MAA,2026-04-17 20:29:41.701,2026-04-17 21:58:41.701,89.0,False,clean,False
AI124,AI124,False,Air India,CCU,HYD,CCU-HYD,2026-04-17 20:28:41.702,2026-04-18 00:00:41.702,212.0,True,clean,False
6F082,6F082,False,IndiGo,BOM,BLR,BOM-BLR,2026-04-17 20:26:41.702,2026-04-17 22:26:41.702,120.0,False,clean,False
SJ035,SJ035,False,SpiceJet,CCU,DEL,CCU-DEL,2026-04-17 20:15:41.701,2026-04-17 21:15:42.000,60.004983333333335,False,clean,False
SJ095,SJ095,False,SpiceJet,DEL,MAA,DEL-MAA,2026-04-17 20:09:41.702,2026-04-17 23:13:41.702,184.0,False,clean,False
UK230,UK230,False,Vistara,BLR,BOM,BLR-BOM,2026-04-17 20:02:41.704,2026-04-17 21:35:41.704,93.0,False,clean,False
UK171,UK171,False,Vistara,HYD,CCU,HYD-CCU,2026-04-17 19:59:41.703,2026-04-17 22:53:41.703,174.0,False,clean,False
6F147,6F147,False,IndiGo,HYD,MAA,HYD-MAA,2026-04-17 19:57:41.703,2026-04-18 00:31:41.703,274.0,True,clean,False
SJ212,SJ212,False,SpiceJet,MAA,BLR,MAA-BLR,2026-04-17 19:49:41.703,2026-04-17 21:44:41.703,115.0,False,clean,False
6F080,6F080,False,IndiGo,HYD,MAA,HYD-MAA,2026-04-17 19:47:41.702,2026-04-17 23:13:41.702,206.0,False,clean,False
UK049,UK049,False,Vistara,HYD,BOM,HYD-BOM,2026-04-17 19:47:41.701,2026-04-17 20:32:41.701,45.0,False,clean,False
AI152,AI152,False,Air India,BLR,CCU,BLR-CCU,2026-04-17 19:21:41.703,2026-04-17 20:26:41.703,65.0,False,clean,False
AI162,AI162,False,Air India,MAA,DEL,MAA-DEL,2026-04-17 19:20:41.703,2026-04-17 22:40:41.703,200.0,False,clean,False
SJ037,SJ037,False,SpiceJet,BLR,BOM,BLR-BOM,2026-04-17 19:14:41.701,2026-04-17 22:31:41.701,197.0,False,clean,False
AI172,AI172,False,Air India,BOM,CCU,BOM-CCU,2026-04-17 19:08:41.703,2026-04-17 19:53:41.703,45.0,False,clean,False
UK205,UK205,False,Vistara,HYD,MAA,HYD-MAA,2026-04-17 18:57:41.703,2026-04-17 21:46:41.703,169.0,False,clean,False
AI199,AI199,False,Air India,HYD,DEL,HYD-DEL,2026-04-17 18:47:41.703,2026-04-17 22:26:41.703,219.0,False,clean,False
6F241,6F241,False,IndiGo,DEL,HYD,DEL-HYD,2026-04-17 18:27:41.704,2026-04-17 19:02:41.704,35.0,False,clean,False
SJ041,SJ041,False,SpiceJet,CCU,HYD,CCU-HYD,2026-04-17 18:24:41.701,2026-04-17 22:59:41.701,275.0,False,clean,False
AI064,AI064,False,Air India,BLR,MAA,BLR-MAA,2026-04-17 18:24:41.701,2026-04-17 20:07:41.701,103.0,False,clean,False
UK169,UK169,False,Vistara,HYD,DEL,HYD-DEL,2026-04-17 18:12:41.703,2026-04-17 23:01:41.703,289.0,False,clean,False
UK144,UK144,False,Vistara,BOM,CCU,BOM-CCU,2026-04-17 18:07:41.703,2026-04-17 20:59:41.703,172.0,False,clean,False
AI118,AI118,False,Air India,HYD,MAA,HYD-MAA,2026-04-17 17:50:41.702,2026-04-17 19:59:41.702,129.0,False,clean,False
SJ145,SJ145,False,SpiceJet,BLR,HYD,BLR-HYD,2026-04-17 17:41:41.702,2026-04-17 20:38:41.702,177.0,False,clean,False
SJ077,SJ077,False,SpiceJet,BLR,MAA,BLR-MAA,2026-04-17 17:32:41.701,2026-04-17 19:40:41.701,128.0,False,clean,False
AI126,AI126,False,Air India,MAA,HYD,MAA-HYD,2026-04-17 17:26:41.702,2026-04-17 20:48:41.702,202.0,False,clean,False
SJ033,SJ033,False,SpiceJet,HYD,DEL,HYD-DEL,2026-04-17 17:26:41.701,2026-04-17 18:51:41.701,85.0,False,clean,False
SJ180,SJ180,False,SpiceJet,HYD,CCU,HYD-CCU,2026-04-17 17:12:41.703,2026-04-17 22:00:41.703,288.0,False,clean,False
6F183,6F183,False,IndiGo,MAA,HYD,MAA-HYD,2026-04-17 17:08:41.703,2026-04-17 19:52:41.703,164.0,False,clean,False
AI145,AI145,False,Air India,DEL,BOM,DEL-BOM,2026-04-17 17:06:41.702,2026-04-17 21:31:41.702,265.0,False,clean,False
6F089,6F089,False,IndiGo,DEL,HYD,DEL-HYD,2026-04-17 17:06:41.702,2026-04-17 19:10:41.702,124.0,False,clean,False
6F207,6F207,False,IndiGo,BOM,HYD,BOM-HYD,2026-04-17 16:59:41.703,2026-04-17 21:00:41.703,241.0,False,clean,False
AI229,AI229,False,Air India,HYD,MAA,HYD-MAA,2026-04-17 16:48:41.703,2026-04-17 18:40:41.703,112.0,False,clean,False
6F223,6F223,False,IndiGo,MAA,BLR,MAA-BLR,2026-04-17 16:47:41.704,2026-04-17 17:21:41.704,34.0,False,clean,False
6F116,6F116,False,IndiGo,MAA,CCU,MAA-CCU,2026-04-17 16:43:41.702,2026-04-17 19:02:41.702,139.0,False,clean,False
SJ240,SJ240,False,SpiceJet,BOM,HYD,BOM-HYD,2026-04-17 16:42:41.704,2026-04-17 20:21:41.704,219.0,False,clean,False
SJ184,SJ184,False,SpiceJet,CCU,DEL,CCU-DEL,2026-04-17 16:32:41.703,2026-04-17 21:00:41.703,268.0,False,clean,False
AI087,AI087,False,Air India,MAA,DEL,MAA-DEL,2026-04-17 16:32:41.702,2026-04-17 20:30:41.702,238.0,False,clean,False
UK148,UK148,False,Vistara,HYD,BOM,HYD-BOM,2026-04-17 16:31:41.703,2026-04-17 18:43:41.703,132.0,False,clean,False
AI210,AI210,False,Air India,BLR,BOM,BLR-BOM,2026-04-17 16:13:41.703,2026-04-17 18:50:41.703,157.0,False,clean,False
6F093,6F093,False,IndiGo,CCU,DEL,CCU-DEL,2026-04-17 16:09:41.702,2026-04-17 20:00:41.702,231.0,False,clean,False
SJ080,SJ080,False,SpiceJet,CCU,MAA,CCU-MAA,2026-04-17 16:04:41.702,2026-04-17 17:59:41.702,115.0,False,clean,False
SJ005,SJ005,False,SpiceJet,DEL,MAA,DEL-MAA,2026-04-17 16:03:41.701,2026-04-17 17:24:41.701,81.0,False,clean,False
6F040,6F040,False,IndiGo,HYD,CCU,HYD-CCU,2026-04-17 15:52:41.701,2026-04-17 20:33:41.701,281.0,False,clean,False
AI212,AI212,False,Air India,DEL,CCU,DEL-CCU,2026-04-17 15:31:41.703,2026-04-17 20:13:41.703,282.0,False,clean,False
AI154,AI154,False,Air India,HYD,MAA,HYD-MAA,2026-04-17 15:25:41.703,2026-04-17 19:16:41.703,231.0,False,clean,False
6F239,6F239,False,IndiGo,CCU,BOM,CCU-BOM,2026-04-17 15:24:41.704,2026-04-17 17:37:41.704,133.0,False,clean,False
UK199,UK199,False,Vistara,BOM,CCU,BOM-CCU,2026-04-17 15:24:41.703,2026-04-17 18:55:41.703,211.0,False,clean,False
6F218,6F218,False,IndiGo,BLR,BOM,BLR-BOM,2026-04-17 15:16:41.704,2026-04-17 19:03:41.704,227.0,False,clean,False
6F011,6F011,False,IndiGo,MAA,BLR,MAA-BLR,2026-04-17 15:16:41.701,2026-04-17 17:16:42.000,120.00498333333333,False,clean,False
UK106,UK106,False,Vistara,BOM,CCU,BOM-CCU,2026-04-17 15:12:41.702,2026-04-17 17:23:41.702,131.0,False,clean,False
UK030,UK030,False,Vistara,CCU,DEL,CCU-DEL,2026-04-17 15:11:41.701,2026-04-17 19:38:41.701,267.0,False,clean,False
6F090,6F090,False,IndiGo,HYD,BLR,HYD-BLR,2026-04-17 15:10:41.702,2026-04-17 19:22:41.702,252.0,False,clean,False
AI184,AI184,False,Air India,BOM,CCU,BOM-CCU,2026-04-17 15:03:41.703,2026-04-17 17:03:42.000,120.00495,False,clean,False
SJ232,SJ232,False,SpiceJet,MAA,BLR,MAA-BLR,2026-04-17 15:02:41.704,2026-04-17 19:22:41.704,260.0,False,clean,False
AI153,AI153,False,Air India,BOM,CCU,BOM-CCU,2026-04-17 15:02:41.703,2026-04-17 16:30:41.703,88.0,False,clean,False
UK101,UK101,False,Vistara,DEL,HYD,DEL-HYD,2026-04-17 15:00:41.702,2026-04-17 17:43:41.702,163.0,False,clean,False
6F200,6F200,False,IndiGo,HYD,DEL,HYD-DEL,2026-04-17 14:54:41.703,2026-04-17 19:41:41.703,287.0,False,clean,False
6F162,6F162,False,IndiGo,CCU,BOM,CCU-BOM,2026-04-17 14:50:41.703,2026-04-17 17:44:41.703,174.0,False,clean,False
SJ197,SJ197,False,SpiceJet,HYD,BLR,HYD-BLR,2026-04-17 14:49:41.703,2026-04-17 17:33:41.703,164.0,False,clean,False
AI174,AI174,False,Air India,DEL,CCU,DEL-CCU,2026-04-17 14:45:41.703,2026-04-17 17:01:41.703,136.0,False,clean,False
UK090,UK090,False,Vistara,HYD,MAA,HYD-MAA,2026-04-17 14:44:41.702,2026-04-17 17:24:41.702,160.0,False,clean,False
UK124,UK124,False,Vistara,MAA,BLR,MAA-BLR,2026-04-17 14:35:41.702,2026-04-17 17:09:41.702,154.0,False,clean,False
AI239,AI239,False,Air India,BOM,HYD,BOM-HYD,2026-04-17 14:33:41.704,2026-04-17 17:47:41.704,194.0,False,clean,False
UK002,UK002,False,Vistara,CCU,MAA,CCU-MAA,2026-04-17 14:28:41.700,2026-04-17 19:20:41.700,292.0,False,clean,False
SJ055,SJ055,False,SpiceJet,HYD,MAA,HYD-MAA,2026-04-17 14:17:41.701,2026-04-17 17:56:41.701,219.0,False,clean,False
UK132,UK132,False,Vistara,BOM,DEL,BOM-DEL,2026-04-17 14:12:41.702,2026-04-17 16:19:41.702,127.0,False,clean,False
6F002,6F002,False,IndiGo,BLR,MAA,BLR-MAA,2026-04-17 14:11:41.700,2026-04-17 17:34:41.700,203.0,False,clean,False
UK005,UK005,False,Vistara,BOM,MAA,BOM-MAA,2026-04-17 14:02:41.701,2026-04-17 18:14:41.701,252.0,False,clean,False
6F258,6F258,False,IndiGo,BOM,DEL,BOM-DEL,2026-04-17 13:54:41.703,2026-04-17 16:49:41.703,175.0,False,clean,False
SJ244,SJ244,False,SpiceJet,BLR,DEL,BLR-DEL,2026-04-17 13:51:41.704,2026-04-17 15:39:41.704,108.0,False,clean,False
AI075,AI075,False,Air India,CCU,DEL,CCU-DEL,2026-04-17 13:51:41.702,2026-04-17 16:49:41.702,178.0,False,clean,False
AI160,AI160,False,Air India,MAA,DEL,MAA-DEL,2026-04-17 13:41:41.703,2026-04-17 17:01:41.703,200.0,False,clean,False
UK091,UK091,False,Vistara,CCU,BOM,CCU-BOM,2026-04-17 13:37:41.702,2026-04-17 17:31:41.702,234.0,False,clean,False
UK195,UK195,False,Vistara,HYD,BOM,HYD-BOM,2026-04-17 13:35:41.703,2026-04-17 16:35:41.703,180.0,False,clean,False
6F044,6F044,False,IndiGo,DEL,HYD,DEL-HYD,2026-04-17 13:25:41.701,2026-04-17 17:36:41.701,251.0,False,clean,False
6F248,6F248,False,IndiGo,DEL,HYD,DEL-HYD,2026-04-17 13:25:41.701,2026-04-17 17:36:41.701,251.0,False,clean,False
6F204,6F204,False,IndiGo,DEL,CCU,DEL-CCU,2026-04-17 13:23:41.703,2026-04-17 16:04:41.703,161.0,False,clean,False
SJ092,SJ092,False,SpiceJet,BLR,MAA,BLR-MAA,2026-04-17 13:19:41.702,2026-04-17 17:56:41.702,277.0,False,clean,False
AI119,AI119,False,Air India,MAA,BLR,MAA-BLR,2026-04-17 13:15:41.702,2026-04-17 15:57:41.702,162.0,False,clean,False
AI151,AI151,False,Air India,MAA,HYD,MAA-HYD,2026-04-17 13:14:41.703,2026-04-17 14:10:41.703,56.0,False,clean,False
UK107,UK107,False,Vistara,HYD,BOM,HYD-BOM,2026-04-17 13:09:41.702,2026-04-17 14:25:41.702,76.0,False,clean,False
SJ019,SJ019,False,SpiceJet,BLR,DEL,BLR-DEL,2026-04-17 13:07:41.701,2026-04-17 15:56:41.701,169.0,False,clean,False
AI052,AI052,False,Air India,CCU,MAA,CCU-MAA,2026-04-17 13:06:41.701,2026-04-17 15:42:41.701,156.0,False,clean,False
SJ177,SJ177,False,SpiceJet,BOM,CCU,BOM-CCU,2026-04-17 13:04:41.703,2026-04-17 17:37:41.703,273.0,False,clean,False
6F215,6F215,False,IndiGo,DEL,BLR,DEL-BLR,2026-04-17 13:00:41.703,2026-04-17 17:30:41.703,270.0,False,clean,False
AI223,AI223,False,Air India,BOM,CCU,BOM-CCU,2026-04-17 12:53:41.703,2026-04-17 14:42:41.703,109.0,False,clean,False
SJ069,SJ069,False,SpiceJet,HYD,BLR,HYD-BLR,2026-04-17 12:53:41.701,2026-04-17 14:17:41.701,84.0,False,clean,False
6F198,6F198,False,IndiGo,HYD,BLR,HYD-BLR,2026-04-17 12:40:41.703,2026-04-17 17:39:41.703,299.0,False,clean,False
AI093,AI093,False,Air India,BOM,BLR,BOM-BLR,2026-04-17 12:35:41.702,2026-04-17 17:28:41.702,293.0,False,clean,False
UK062,UK062,False,Vistara,HYD,DEL,HYD-DEL,2026-04-17 12:33:41.701,2026-04-17 15:35:41.701,182.0,False,clean,False
6F057,6F057,False,IndiGo,MAA,DEL,MAA-DEL,2026-04-17 12:32:41.701,2026-04-17 15:50:41.701,198.0,False,clean,False
UK064,UK064,False,Vistara,BOM,DEL,BOM-DEL,2026-04-17 12:25:41.701,2026-04-17 14:55:41.701,150.0,False,clean,False
